"Block","Year","BAM","BAPERCM","LightM","MoistM","NitM","LightPercM","MoistPercM","NitPercM"
1,1964,25.0011870363493,0,5,2.7694965836802,1,0,0,0
1,1984,29.192758859631,0.167654912432263,5,2.79302517193254,1,0,0.0084956191645025,0
1,1988,17.1261370966417,-0.31498704154559,5,3.04563834873261,1,0,0.0997082887480815,0
1,1996,15.5678482355989,-0.377315636534988,5,3.11235470395932,1,1.77635683940025e-16,0.123797993577416,0
1,2014,17.5494685114236,-0.298054588931782,5,3.1007926870031,1,0,0.119623221517993,0
2,1964,35.3036474447153,0,3.31256952169077,2.41223581757508,1.4289766407119,0,0,0
2,1984,43.5380759490395,0.233245828698554,3.0172176482473,2.35883133938493,1.49933254441286,-0.0891609584370986,-0.0221389956160414,0.0492351671094518
2,1988,44.6795147348591,0.26557786429366,3.00857830050332,2.36792910948715,1.50076136811588,-0.091769008679489,-0.0183674861989535,0.050235060083429
2,1996,37.5800847514146,0.0644816462736374,2.50749710805679,2,1.62781657504057,-0.243035627890176,-0.170893664115097,0.139148484771318
2,2014,46.0154735281222,0.303419812363054,2.3317826899035,2,1.68013695536858,-0.296080376687963,-0.170893664115097,0.175762365528632
3,1964,48.8714007174062,0,4.08758537565287,2,1.24210526315789,0,0,0
3,1984,52.9953497588195,0.0843836882282042,3.92388935140056,2,1.27413245716704,-0.0400471205390222,0,0.0257846053463418
3,1988,52.3776341033074,0.0717440739252711,3.91661740212351,2,1.27084564946912,-0.041826153539866,0,0.0231384466064979
3,1996,43.5856318078332,-0.108156689433507,3.70702108930632,2,1.32558818415009,-0.0931024679296796,0,0.0672108262225295
3,2014,33.3048157134579,-0.318521359638544,NA,NA,NA,NA,NA,NA
4,1964,73.1873278561912,0,2.8991790524226,2,1.53847185705854,0,0,0
4,1984,68.9533052621778,-0.0578518538391371,2.52250991880716,2,1.6234389963104,-0.129922687355473,0,0.0552282700928391
4,1988,65.1629933605758,-0.109641036647529,2.41897910160652,2,1.64525522459837,-0.165633078238068,0,0.0694087233704706
4,1996,57.5648159084199,-0.213459247733004,2.71168911967997,2,1.57207772008001,-0.0646700080789968,0,0.021843664456573
4,2014,34.4872846159672,-0.528780656075698,4.45276662514261,2,1.13680834371435,0.535871550058907,0,-0.261079532590312
5,1964,27.0550032336336,0,2.9046374918354,2,1.52384062704115,0,0,0
5,1984,30.9942658969239,0.145602003048117,2.83082307850683,2,1.54229423037329,-0.025412607781884,0,0.0121099300049332
5,1988,30.8120142531075,0.138865665142608,2.82867535493228,2,1.54283116126693,-0.0261520196983754,0,0.0124622837118167
5,1996,7.33014069394247,-0.729065244212207,1,2,2,-0.655722959298403,0,0.312473210458637
5,2014,8.6070993233903,-0.681866631134225,1,2,2,-0.655722959298403,0,0.312473210458637
6,1964,37.1650410919673,0,1,2,2,0,0,0
6,1984,41.8000879882114,0.12471523668639,1,2,2,0,0,0
6,1988,41.9374933968978,0.128412404902789,1,2,2,0,0,0
6,1996,43.6863394873349,0.175468617920541,1,2,2,0,0,0
6,2014,47.6725256167744,0.282724953775935,1,2,2,0,0,0
7,1964,45.9850624669206,0,1.67788215200683,2,1.83052946199829,0,0,0
7,1984,7.11578590019722,-0.845258753202391,1,2,2,-0.404010586319218,0,0.0925800657787315
7,1988,6.67370490897488,-0.854872331340734,1,2,2,-0.404010586319218,0,0.0925800657787315
8,1964,61.5909239736279,0,2.57542718694211,2,1.61830527926549,0,0,0
8,1984,29.1397248486476,-0.526882810507524,4.95345110823315,2,1.02327444588343,0.923351253472846,0,-0.36768763039081
8,1988,31.2081690867252,-0.49329922213721,4.94544799074379,2,1.02727600462811,0.920243762206956,0,-0.365214945665653
8,1996,35.5972096432392,-0.422038064269319,4.93539704051571,2,1.03230147974214,0.916341128003575,0,-0.36210955190687
8,2014,18.7594939646603,-0.695417883766564,4.80433315828009,2,1.09783342085995,0.86545097552707,0,-0.321615374474813
9,1964,36.3933873964293,0,2.0079309414621,2,1.75991367682762,0,0,0
9,1984,35.3473548525084,-0.0287423792824385,1.48794873532545,2,1.88143488650869,-0.258964188159785,0,0.0690495285542196
9,1988,36.2147485841645,-0.00490855138926359,1.53383156166606,2,1.86982230554944,-0.236113389164081,0,0.062451147558519
9,1996,28.1711718335459,-0.225926085783653,1.75332776672665,2,1.81728891385653,-0.126798770554356,0,0.03260116549144
9,2014,35.9235595731025,-0.0129097030240411,1.78474176703241,2,1.81046289025189,-0.111153810034509,0,0.0287225527534888
10,1964,32.4958490105694,0,1.02042296072508,2,2,0,0,0
10,1984,18.2466842913149,-0.438491842900302,1,2,2,-0.0200142112742775,0,0
10,1988,18.7805194229761,-0.422064048338369,1,2,2,-0.0200142112742775,0,0
10,1996,19.3610268404973,-0.4042,1,2,2,-0.0200142112742775,0,0
10,2014,20.8843103674815,-0.357323750467674,1,2,2,-0.0200142112742775,0,0
11,1964,45.5923633852219,0,3.47691645133506,2,1.39375538329027,0,0,0
11,1984,27.401854697544,-0.398981481481481,3.02373232346756,2,1.50159541117755,-0.130340816125589,0,0.0773737121880776
11,1988,27.6027791826951,-0.394574504737295,2.96489396058324,2,1.50877650985419,-0.147263386370762,0,0.0825260500823251
11,1996,21.5651486113018,-0.527000861326443,3.73486939863644,2,1.32189175310297,0.0741901483431789,0,-0.0515611498609254
11,2014,27.2697096787954,-0.401879883953669,3.45267277926733,2,1.39488957914857,-0.00697275082880286,0,0.000813769669984242
12,1964,36.3305555433575,0,1.70691239258499,2,1.83651299789223,0,0,0
12,1984,39.4338404015275,0.0854180403177864,1.75022020575109,2,1.82372336680527,0.0253720187129929,0,-0.00696408416474092
12,1988,37.3846776883614,0.0290147543641572,1.70077931245293,2,1.82815840032437,-0.00359308430749068,0,-0.00454916332062444
12,1996,41.4379997999311,0.140582608225693,1.70757669089565,2,1.82310582727609,0.000389181257076134,0,-0.00730034071718191
12,2014,50.4618648496049,0.388964856025472,1.62892221040244,2,1.84931836163751,-0.0456907938107129,0,0.00697265075715404
13,1964,42.1474106910198,0,2.08760569285598,2,1.73091705294542,0,0,0
13,1984,40.1906500717773,-0.0464265915073024,2.18433645530079,2,1.71034147852379,0.0463357437545966,0,-0.0118870944084926
13,1988,38.5094267632088,-0.0863157159162376,2.16873106136894,2,1.70781723465776,0.0388604844250913,0,-0.0133454218666062
13,1996,33.9119611690832,-0.195396333651674,2.39823127723461,2,1.65044218069135,0.148795141458768,0,-0.0464926219989207
13,2014,42.3080102981407,0.00381042641737211,2.15217374895736,2,1.71195656276066,0.0309292393301781,0,-0.0109540143200397
14,1964,37.4895087082208,0,2.81037801317219,2,1.55057415578804,0,0,0
14,1984,44.3256143224322,0.182347164573868,2.76489677672277,2,1.56566178734299,-0.0161833163497066,0,0.00973035149504751
14,1988,43.0205770991769,0.147536433032616,2.84988544148388,2,1.54081478033062,0.0140576919284559,0,-0.00629403980518296
14,1996,40.1223007966077,0.0702274363976797,3.01295871806567,2,1.50226581815121,0.0720830806190414,0,-0.0311551288640425
14,2014,48.1384496516481,0.284051226872764,2.76425190487114,2,1.56625249089837,-0.0164127772437953,0,0.0101113094474105
15,1964,59.125264614412,0,3.51073898496459,2,1.37231525375885,0,0,0
15,1984,58.6144023790302,-0.00864033740421236,3.58754317539789,2,1.35937273361613,0.021876929832216,0,-0.00943115665826373
15,1988,40.7256240307755,-0.31119760230471,4.78638943677352,2,1.0615151636414,0.363356677119019,0,-0.226478638393151
15,1996,41.2338944522182,-0.302601100880871,4.82722491398912,2,1.0506374924108,0.37498826733136,0,-0.234405148865724
15,2014,43.6998428536369,-0.260893915001865,4.79720420709595,2,1.06286550726867,0.366437159709364,0,-0.225494649019298
16,1964,41.0758330718344,0,1.05260579117819,2,2,0,0,0
16,1984,15.2693576635997,-0.628264200097994,1.11198695577256,2,2,0.0564134884037646,0,0
16,1988,16.7935013394887,-0.59115859415146,1.12002534824608,2,2,0.0640501483394155,0,0
16,1996,18.6182954323264,-0.546733589072527,1.05332295601663,2,2,0.000681323287831794,0,0
16,2014,23.4973379799309,-0.427952247764806,1,2,2,-0.0499767259681429,0,0
17,1964,53.437018416006,0,1.01765554238892,2,2,0,0,0
17,1984,49.1837535669894,-0.0795939776412123,1.02980788116769,2,2,0.0119415050305198,0,0
17,1988,46.5371581058808,-0.129121356592352,1.01949607572281,2,2,0.00180860149356001,0,0
17,1996,27.0778190502803,-0.49327601252974,1,2,2,-0.0173492322829315,0,0
17,2014,28.4034353701141,-0.468468933857911,1,2,2,-0.0173492322829315,0,0
18,1964,41.101849385997,0,2.47800124205799,2.25834806286724,1.63338986289591,0,0,0
18,1984,37.2996583371736,-0.0925065685759328,2.12280644495635,2,1.7225413443276,-0.143339232875708,-0.114396920082921,0.0545806506192211
18,1988,37.4164274091167,-0.089665599770697,2.12025117508736,2,1.72340723644956,-0.144370414711141,-0.114396920082921,0.0551107703056655
18,1996,42.2969308663766,0.0290760999378971,2.02232465943881,2,1.7444188351403,-0.183888762800113,-0.114396920082921,0.0679745691867735
18,2014,45.2420325284917,0.100729850465203,2.07131014670895,2,1.73605090203196,-0.164120618039433,-0.114396920082921,0.0628515221430599
19,1964,32.8806941106342,0,1.83070584020064,2.2106771766392,1.81522453123134,0,0,0
19,1984,35.6419184336906,0.083977069150842,1.84277236798904,2.19158915574242,1.81275134583645,0.00659118877725773,-0.0086344677994986,-0.00136246803210335
19,1988,35.5731764594392,0.0818864206377643,1.87138183622588,2.19288115703966,1.8053056558742,0.0222187503486494,-0.00805003090798964,-0.00546426912289948
19,1996,35.0069240185837,0.0646649946255822,1.63577970124876,2,1.87696086349788,-0.10647594751242,-0.0952998379254456,0.034010300766847
19,2014,41.8588467890981,0.273052407234928,1.67903168131764,2,1.86910986973276,-0.0828500983349556,-0.0952998379254456,0.0296852194173839
20,1964,30.9564686103104,0,3.12739439299759,2,1.49758975009514,0,0,0
20,1984,33.8148074162709,0.0923341367499682,2.77818501498687,2,1.55847434695913,-0.111661445320941,0,0.0406550571410662
20,1988,35.5739422226485,0.149160218191044,2.73426590409578,2,1.56965248271576,-0.125704800706314,0,0.0481191411840522
20,1996,39.5515715862208,0.277651274895344,2.60132251426642,2,1.59966937143339,-0.168214114570605,0,0.068162606836597
20,2014,45.8022028834779,0.479568081878143,2.42711978390933,2,1.64595702640529,-0.223916308942746,0,0.0990707076492218
21,1964,72.8957487880299,0,4.15347941441866,2,1.22414512935853,0,0,0
21,1984,75.4923929259464,0.0356213384331526,3.82772558023885,2,1.30796172280662,-0.0784291437797839,0,0.0684694906166995
21,1988,75.1990270769634,0.0315968808500896,3.7751776503288,2,1.32025285552586,-0.0910806883444761,0,0.0785100752046424
21,1996,76.3872755933214,0.047897536733512,3.57723014662865,2,1.37115191040857,-0.138738924716848,0,0.120089340327706
21,2014,83.4738182034901,0.145112295179513,3.41487363365871,2,1.40462286366821,-0.177828203071358,0,0.147431648406146
22,1964,40.3675021032203,0,2.82722895082446,2,1.57930833211732,0,0,0
22,1984,29.3951952362467,-0.271810399338489,1.19555469462322,2,2,-0.577128447883721,0,0.266377159752379
22,1988,30.792477473793,-0.237196361690744,1.21941172569645,2,2,-0.568690139034955,0,0.266377159752379
22,1996,23.0806332724394,-0.428237268349628,1.16245351926478,2,2,-0.588836440385985,0,0.266377159752379
22,2014,27.7642824618872,-0.312212026622467,1.12662790266329,2,2,-0.601508076544436,0,0.266377159752379
23,1964,34.9904699270606,0,2.47470609691086,2,1.64086305098061,0,0,0
23,1984,48.4218388086775,0.383857916444544,2.1383315545492,2,1.7199789627688,-0.135925046930443,0,0.0482160359092192
23,1988,49.6540696221859,0.41907410005331,2.14500243390206,2,1.7183174559614,-0.133229422039395,0,0.0472034548736401
23,1996,50.8563374957606,0.453433966499257,2.1338925412688,2,1.71907986280024,-0.137718800655758,0,0.0476680925765768
23,2014,49.8195780418202,0.423804199991358,2.27927226240388,2,1.68018193439903,-0.0789725433460307,0,0.02396231872911
24,1964,51.4671416474348,0,4.17839157637723,2,1.2244391881581,0,0,0
24,1984,54.1406762655479,0.0519464367465282,4.07220234412457,2,1.25327686390108,-0.0254139015723211,0,0.0235517419091764
24,1988,53.6448936749032,0.0423134442240196,4.05785999988287,2,1.23943601140802,-0.0288464051995006,0,0.0122479118562745
24,1996,55.2411172672381,0.0733278650999542,3.97168664185452,2,1.25707833953637,-0.0494699768426036,0,0.0266564086595211
24,2014,17.4843645517824,-0.660281026066,1,2,2,-0.760673459698331,0,0.633400841252531
27,1964,20.0752679302909,0,2.48519451304497,2.00273858718243,1.69053964838497,0,0,0
27,1984,23.6219100516988,0.176667237205663,2.50280286670424,2.00816671570852,1.70670476969446,0.00708530200225507,0.0027103529940594,0.00956210717976173
27,1988,21.6693316776764,0.0794043572878205,2.54560669076938,1.98964036208443,1.66844809307636,0.02430883273213,-0.00654015715372467,-0.0130677534417565
27,1996,24.2318306304392,0.207048927794214,2.45656206016123,1.99159885164859,1.69259559668978,-0.0115212120151723,-0.00556225141171224,0.00121614911946979
27,2014,30.0551687263387,0.497124164454586,2.35559290582203,1.99843784883674,1.73589055311689,-0.0521494822810257,-0.00214742871247436,0.026826288738778
28,1964,61.9674242182065,0,4.22436014226982,2,1.20389103208992,0,0,0
28,1984,69.4993926051881,0.121547223916539,4.08630612432284,2,1.24497715121166,-0.0326804565182758,0,0.0341277723868478
28,1988,62.2417441617272,0.00442684115051599,4.15890428417393,2,1.22957646597134,-0.0154948574201641,0,0.0213353477987381
28,1996,61.0705976903771,-0.0144725481032011,4.394774137543,2,1.16741761244896,0.0403407828721757,0,-0.0302962798698217
28,2014,64.442085129268,0.0399348680743514,4.36158557045432,2,1.168738543732,0.0324843108927662,0,-0.0291990615603285
29,1964,25.5980896405313,0,3.52588785763596,2,1.37869141673698,0,0,0
29,1984,31.1643438692076,0.21744803252282,3.35810651170908,2,1.41813976550967,-0.047585559354509,0,0.0286128921191497
29,1988,26.3743968201875,0.0303267622919386,4.00862915479547,2,1.25701793503306,0.136913400723748,0,-0.0882528753184612
29,1996,26.0008614536756,0.0157344481092276,4.11196159530227,2,1.22200960117443,0.16622018661117,0,-0.113645311532709
29,2014,27.9674029045786,0.0925582063864558,3.67967946969983,2,1.33827478400298,0.0436178398955065,0,-0.0293152131385994
30,1964,49.5748229474991,0,1.93339142316794,2,1.77123166952165,0,0,0
30,1984,24.7025786546256,-0.501711207707465,3.09074376118758,2,1.49636751525326,0.598612533474087,0,-0.155182497579566
30,1988,18.1756253924815,-0.633369837513491,3.73108222414514,2,1.31722944396372,0.929812131902191,0,-0.256320070022543
30,1996,6.14644748693209,-0.876016753636391,1,2,2,-0.482774161498318,0,0.129157768808488
30,2014,9.16150561986363,-0.815198419779212,1,2,2,-0.482774161498318,0,0.129157768808488
31,1964,53.0757352608432,0,1.72880462427746,2,1.82387052023121,0,0,0
31,1984,59.2436830224983,0.116210312138728,1.89159222817023,2,1.79000257187325,0.094161943811789,0,-0.0185692723152675
31,1988,40.8357172183297,-0.230614196531792,2.25897297073777,2,1.70520967464296,0.306667589278283,0,-0.0650599065405201
31,1996,4.04721564084931,-0.923746404624277,2.10668872469351,2,2,0.218581148563266,0,0.0965690699065952
31,2014,16.1055352592811,-0.696555588346923,3.59237047625197,2.03026363332136,1.37059054231197,1.07795052477569,0.0151318166606786,-0.248526401897091
32,1964,36.4125314766621,0,1,2,2,0,0,0
32,1984,41.3830415634473,0.136505479987598,1,2,2,0,0,0
32,1988,24.8286154248968,-0.318129928955634,1,2,2,0,0,0
32,1996,18.9706643183346,-0.479007266207417,1,2,2,0,0,0
32,2014,26.156816483284,-0.281653446697361,1,2,2,0,0,0
33,1964,63.8248908746415,0,1.96235281450205,2,1.77773163209586,0,0,0
33,1984,75.9663218126945,0.19023034386224,1.95638151397297,2,1.77693048703609,-0.00304292912311531,0,-0.000450655793768778
33,1988,45.4168661656107,-0.288414511278774,1.0678581032415,2,2,-0.455827670055104,0,0.125029202322342
33,1996,44.7128548868953,-0.299444867446529,1.06752306663382,2,2,-0.455998402150377,0,0.125029202322342
33,2014,47.9934217595154,-0.248045376939551,1,2,2,-0.490407640965546,0,0.125029202322342
34,1964,40.5663060133303,0,1.34871310850546,2,2,0,0,0
34,1984,6.03064052773914,-0.85133868176813,2.46736646067891,2,2,0.829422762423546,0,0
34,1988,2.3219707652223,-0.942761099212255,2.82404424262412,2,2,1.09388062206461,0,0
34,1996,5.57891877406109,-0.862474074611875,2.16359297791167,2,2,0.604190664617471,0,0
34,2014,8.60839245650893,-0.787794519577894,1.89359956558645,2,2,0.404004716529214,0,0
35,1964,68.5225536394625,0,1.07445932102613,2,2,0,0,0
35,1984,72.97159861566,0.0649281840779982,1.09647582225119,2,2,0.0204907722369935,0,0
35,1988,40.890341660594,-0.403257183383121,1.09254617464927,2,2,0.0168334466174796,0,0
35,1996,42.74757269758,-0.37615324550658,1.05865098598329,2,2,-0.0147128278693108,0,0
35,2014,47.0717654355204,-0.313047121927291,1,2,2,-0.0692993392760704,0,0
36,1964,39.542834031653,0,1.14598540145985,2,1.98882764784746,0,0,0
36,1984,39.7655140459303,0.00563136203386457,1.09356911103419,2,2,-0.0457390559765325,0,0.00561755673732311
36,1988,15.0142014352659,-0.620305377625503,1.09651521511978,2,2,-0.0431682517744559,0,0.00561755673732311
36,1996,16.2093221855537,-0.590081930582452,1.04547117380992,2,2,-0.0877098674397498,0,0.00561755673732311
36,2014,20.9289247534835,-0.470727749641554,1.03764724896101,2,2,-0.0945371139639575,0,0.00561755673732311
37,1964,28.1152907542202,0,2.76786088413995,2,1.59613101473567,0,0,0
37,1984,29.0301618048537,0.0325399818423075,2.77115091437639,2,1.59758849207369,0.00118865447872902,0,0.000913131393707516
37,1988,29.6172272970392,0.0534206299322579,2.75123194021717,2,1.59764133087332,-0.00600786839326627,0,0.000946235693505586
37,1996,32.8355140812847,0.167888120678818,2.77428079547976,2,1.5879552639809,0.00231944870372212,0,-0.00512223036786067
37,2014,33.9239258567615,0.206600570249109,2.38289733932775,2,1.67482454425862,-0.139083415289428,0,0.0493026755300424
38,1964,54.5989168239821,0,3.05840256050635,2,1.49865141870752,0,0,0
38,1984,54.25907503868,-0.00622433200273315,3.05354144471722,2,1.49380001100097,-0.00158942967544634,0,-0.00323718220660739
38,1988,55.2645810373696,0.012191894127378,3.05670926120283,2,1.49293292621834,-0.000553654814897666,0,-0.00381575890016417
38,1996,60.060124048304,0.100024094652426,3.03451050186721,2,1.49985468333226,-0.00781194043833749,0,0.000802898265547393
38,2014,53.6798289400208,-0.0168334453762934,3.55802804965113,2,1.36609848820488,0.16336158476864,0,-0.0884481400064036
39,1964,41.9068825034793,0,2.19992503396898,2,1.72562432647706,0,0,0
39,1984,36.0761847131871,-0.139134610879445,2.2043704366899,2,1.72720637659231,0.00202070645693516,0,0.000916798686117384
39,1988,34.076521719269,-0.186851426697278,1.97294559559966,2,1.78821528974597,-0.103175987756191,0,0.03627148870617
39,1996,36.1171039575001,-0.138158178325446,1.99446947938735,2,1.78250370087674,-0.0933920708247764,0,0.032961620630254
39,2014,27.4675569116016,-0.344557378866798,2.22159531241004,2,1.74150955694961,0.0098504622232321,0,0.00920549752852407
40,1964,35.3173919125748,0,2.47728915327737,2,1.63067771168066,0,0,0
40,1984,38.1198889091177,0.0793517540445877,2.47622113596679,2,1.6309447160083,-0.000431123395170205,0,0.000163738257862101
40,1988,33.6377197653789,-0.0475593484183021,2.66569166245903,2,1.58357708438524,0.0760518847516906,0,-0.0288840811142697
40,1996,36.0471446160955,0.0206627008394952,2.70731632918742,2,1.57317091770314,0.0928543911015553,0,-0.0352655791917612
40,2014,43.2599050800794,0.224889572456701,2.60982855679983,2,1.60069073983396,0.0535017897878905,0,-0.0183892694625692
41,1964,32.8881750281405,0,3.47783347990216,2.42985562224288,1.40054185689271,0,0,0
41,1984,33.8364058657644,0.0288319688402438,3.14185440040295,2.43326946266235,1.46761455229987,-0.0966058557549622,0.00140495607567017,0.0478905325657108
41,1988,19.9061520707573,-0.394732238753753,3.03686482306384,2,1.49601602664005,-0.126794068602365,-0.176905828604788,0.068169451185961
41,1996,21.7346375349629,-0.339135190190217,3.17149139606987,2,1.46269251338831,-0.0880841724029025,-0.176905828604788,0.0443761506946267
41,2014,25.0055029616449,-0.239681042190724,3.03111801567842,2,1.50350607625076,-0.128446478764792,-0.176905828604788,0.0735174167421842
42,1964,56.2050560681299,0,3.67507423580786,2,1.34103056768559,0,0,0
42,1984,47.951503118527,-0.146847161572052,3.48226276027271,2,1.38461028192371,-0.0524646478311931,0,0.0324971818601698
42,1988,37.1225510513274,-0.339515807860262,2.96379525196812,2,1.51556989288261,-0.193541392146433,0,0.130153129542934
42,1996,41.043140873283,-0.269760698689956,2.88954174261234,1.99502274782209,1.53545024422215,-0.213746020567893,-0.00248862608895339,0.144977811260557
42,2014,57.5577883389526,0.0240678039566942,2.44494447268192,1.99360908622348,1.64722086845777,-0.334722425778572,-0.00319545688825928,0.228324624471923
43,1964,73.1775103791488,0,3.5157637714991,2,1.39300759344227,0,0,0
43,1984,56.8211420224529,-0.22351632724248,3.17600748062202,2,1.48472343503197,-0.0966379748353268,0,0.0658401591071411
43,1988,57.3630471202431,-0.216110976951354,3.24118425070067,2,1.46838721249122,-0.0780995364433568,0,0.0541128558119904
43,1996,59.8916561422553,-0.181556521505809,3.27127615804177,2,1.45994583407234,-0.0695403984304348,0,0.0480530335550144
43,2014,67.5433684059633,-0.0769928075441999,3.21739565836556,2,1.48591499516077,-0.0848658022908978,0,0.0666955457786973
46,1964,44.5811632498477,0,2.78876899361374,2,1.57700946927989,0,0,0
46,1984,44.8535786028221,0.00611054833737064,2.71267139268789,2,1.58726504504079,-0.0272871654483097,0,0.0065031795690956
46,1988,26.0145666516269,-0.416467297951993,1.08849801986699,2,2,-0.609685125458707,0,0.26822320281517
46,1996,28.0851118297916,-0.370022902444396,1.12019466387204,2,2,-0.598319306318568,0,0.26822320281517
46,2014,27.5457417749452,-0.382121511263183,1,2,2,-0.641418847423364,0,0.26822320281517
47,1964,70.8818111824921,0,3.94228695386485,2,1.29445612040617,0,0,0
47,1984,75.3009521236183,0.0623452034789101,3.90526371782764,2,1.30034476770292,-0.00939130927567884,0,0.00454912855207133
47,1988,64.2387368018897,-0.0937204378638004,3.73607461918321,2,1.34464576305793,-0.0523077942054618,0,0.0387727647623984
47,1996,66.5327866624032,-0.0613560015966845,3.71845693963117,2,1.34783105262024,-0.0567766925272274,0,0.0412334812842622
47,2014,27.8736009570134,-0.606759470560789,3.58800354004845,2,1.41210352017349,-0.0898674850315206,0,0.0908855834606417
48,1964,74.0237769002095,0,3.52015915119363,2,1.38355437665782,0,0,0
48,1984,71.624326606168,-0.0324145888594164,3.53169460910243,2,1.38041234202452,0.0032769705610839,0,-0.00227098745544052
48,1988,43.2855900744613,-0.415247480106101,2.59623536584204,2,1.61163647184395,-0.26246648110734,0,0.164852281221564
48,1996,46.4854003669129,-0.372020689655172,2.6104519485259,2,1.6167235907179,-0.258427861808255,0,0.168529129027318
48,2014,35.2589871467379,-0.523680246763549,3.08741134458355,2,1.48121942547658,-0.122934159514733,0,0.0705899605150913
49,1964,63.7056085285755,0,3.99571582678379,2,1.25107104330405,0,0,0
49,1984,69.5811132840896,0.0922290029280321,3.9187831941253,2,1.27030420146868,-0.0192537797965516,0,0.0153733541093145
49,1988,73.8335534650346,0.158980428417322,3.95100193813705,2,1.26224951546574,-0.011190457626395,0,0.00893512180744197
49,1996,65.7601904890692,0.0322511943288642,3.75037853012371,2,1.31240536746907,-0.0614000863163363,0,0.0490254526258048
49,2014,70.4606769769139,0.1060356945701,3.71911549121647,2,1.324186692232,-0.0692242260356025,0,0.0584424436320142
50,1964,42.2976180897696,0,3.69557144183456,2,1.35855538018754,0,0,0
50,1984,48.6402776728724,0.149953114845418,3.7398161413418,2,1.3529467804551,0.0119723566987189,0,-0.0041283556152634
50,1988,48.045142214558,0.135882926376381,3.73656136553764,2,1.35533378914463,0.0110916334180615,0,-0.00237133582472094
50,1996,52.0760608435168,0.231181877263021,3.64150904980447,2,1.38066074657682,-0.0146289668271851,0,0.0162712295072047
50,2014,59.0824969445333,0.396827992042972,3.44540919786818,2,1.42223064328593,-0.0676924388836028,0,0.0468698324904526
52,1964,61.6635733037422,0,3.75185480019105,2,1.32380194236587,0,0,0
52,1999,25.3776872809279,-0.58844929151409,3.9533197934196,2,1.29435772452078,0.0536974387223864,0,-0.0222421624434691
52,2014,28.0289231518273,-0.545454120640032,3.80360926385752,2,1.32667440893345,0.0137943674322984,0,0.00216986127278934
53,1964,47.9171419488783,0,2.32896246516964,2,1.70394197672513,0,0,0
53,1999,29.0357577667679,-0.394042370103262,4.87439231960962,2,1.06280384019519,1.0929458471348,0,-0.376267587328394
53,2014,31.9555270949017,-0.333108658087449,4.75589259438461,2,1.1220537028077,1.0420649390063,0,-0.341495357157516
54,1964,55.9144587476728,0,2.50135196825508,2,1.65586262597886,0,0,0
54,1999,25.9367729635424,-0.536134775432805,4.77187764251307,2,1.11406117874346,0.907719386585121,0,-0.327201930120931
54,2014,30.2008914190702,-0.459873311921719,4.71251511804723,2,1.14374244097638,0.883987210858069,0,-0.309276975618516
55,1964,60.8742481495277,0,3.781666290359,2,1.34309582943586,0,0,0
55,1999,43.9701627486326,-0.277688610779602,4.75027753192622,2,1.12486123403689,0.256133452080794,0,-0.162486243063263
55,2014,49.1283003212061,-0.192954298170051,4.71366586047813,2,1.14316706976093,0.246452092426871,0,-0.148856660331456
56,1964,52.2250508751133,0,2.43461914429656,2,1.67482517482517,0,0,0
56,1999,22.0367016686056,-0.57804346191443,4.88321334378787,2,1.05839332810607,1.00574014018886,0,-0.368057428312453
56,2014,24.5235709000098,-0.530425141017986,4.85357215671688,2,1.07321392164156,0.993565263826604,0,-0.359208389166
57,1964,30.1867784101809,0,3.1263171588396,2,1.51892806036165,0,0,0
57,1999,18.7571145577069,-0.378631455704436,1.29470151534819,2,2,-0.585870067057194,0,0.316718054128126
57,2014,20.6252373545334,-0.316745991431228,1.26516835323225,2,2,-0.595316697266297,0,0.316718054128126
58,1964,29.6782330993811,0,1.12848164075422,2,2,0,0,0
58,1999,1.07414979817052,-0.963806814422759,3,2,2,1.65843935041332,0,0
58,2014,2.00838643843951,-0.932327964683268,3,2,2,1.65843935041332,0,0
60,1964,38.4098971809522,0,2.69614558838565,2,1.62192004907474,0,0,0
60,1999,15.9937303897011,-0.583603925978939,4.92307692307692,2,1.03846153846154,0.825968502696727,0,-0.359733213080414
60,2014,1.2931339623784,-0.966333313617416,3.24615401271404,2,2.24615401271404,0.203998043242806,0,0.384873449215585
61,1964,56.4524564896001,0,1.49953045111474,2,1.91012486522208,0,0,0
61,1999,30.4284846949665,-0.46098918298494,2.52310045105213,2,1.64286608462228,0.682593674024072,0,-0.139916916148161
61,2014,42.3994215902024,-0.248935755381816,2.58332684397551,2,1.62598435775602,0.72275717512444,0,-0.148754938820727
62,1964,22.1325202445401,0,2.79205110007097,2,1.59421575585522,0,0,0
62,1999,19.9176581538511,-0.100072746628815,4.92021869128291,2,1.03989065435855,0.762223725474737,0,-0.347710213915997
62,2014,25.9095304986944,0.170654322798421,4.91410561746804,2,1.04294719126598,0.760034269194833,0,-0.345792947136889
63,1964,59.1900599628923,0,3.16879939625646,2,1.48209916985263,0,0,0
63,1999,43.2386821691524,-0.269494198920228,4.0026992073122,2,1.27613835344721,0.263159546180452,0,-0.138965610800456
63,2014,38.2566350088873,-0.353664533658669,3.65211099759704,2,1.39885184052697,0.152521993633157,0,-0.0561685284082147
64,1964,56.4128135173026,0,1.8093402170005,2,1.81315354492268,0,0,0
64,1999,29.5603448350551,-0.475999458421117,2.77698778342819,2,1.58290291040295,0.534806863483003,0,-0.126989043572451
64,2014,35.3264283127153,-0.373787157382601,2.76997787563371,2,1.59533146214893,0.530932573988626,0,-0.120134383204176
65,1964,33.6130778980023,0,1.29476020795607,2,1.96909866230504,0,0,0
65,1999,3.92316200094068,-0.883284654477481,3.71694902529967,2,1.39040064062461,1.87076247977013,0,-0.293889804893272
65,2014,3.07790703961201,-0.908431264493189,2.20339304898596,2,2,0.701776927840768,0,0.0156931383310096
66,1964,74.2397613951438,0,4.133985718064,2,1.23565194393018,0,0,0
66,1999,16.1772190356249,-0.782094948426342,4.03558081755167,2,1.25586874119279,-0.0238038801349374,0,0.0163612393942521
66,2014,19.6176373208142,-0.735752958358815,3.98394670565028,2.02076891008952,1.27745945432899,-0.0362940325986386,0.01038445504476,0.0338343743189061
67,1964,10.934705929901,0,2.64194648949542,2,1.63153169330221,0,0,0
67,1999,28.4902791073343,1.60549111151015,2.86131200732186,2,1.60445155679057,0.0830317792955496,0,-0.0165979837368843
67,2014,34.5731302464871,2.16177960963238,3.07011017767061,2,1.55077294905816,0.162063724559752,0,-0.0494987284498273
