"Block","Year","AS","BS","CrS","FS","IS","PMS","QS","ScS","TS","SorS","AM","BM","CrM","FM","FrM","IM","PMM","QM","ScM","TM","SorM","SDM","BAM","BAFM","BAQM","SPRM","SDS","BAS","BAFS","BAQS","SPRS","BAPERCM","BARAWM","BAFPERCM","BAFRAWM","BAQPERCM","BAQRAWM","SDPERCM","SDRAWM","SPRPERCM","SPRRAWM","BAPERCS","BARAWS","BAFPERCS","BAFRAWS","BAQPERCS","BAQRAWS","SDPERCS","SDRAWS","SPRPERCS","SPRRAWS","Year2","Transect"
1,1984,NA,NA,NA,NA,NA,NA,NA,NA,NA,NA,0,3,0,0,0,0,0,5,0,0,0.842105263157895,8,29.192758859631,0,17.617462552709,2,NA,NA,NA,NA,NA,0.167654912432263,4.19157182328176,0,0,0.145328057186622,2.23543952256999,-0.272727272727273,-3,-0.333333333333333,-1,NA,NA,NA,NA,NA,NA,NA,NA,NA,NA,1984,"Enclosed"
1,1988,NA,NA,NA,NA,NA,NA,NA,NA,NA,NA,0,2,0,0,0,0,0,4,0,0,0.705882352941176,6,17.1261370966417,0,8.1722642396913,2,NA,NA,NA,NA,NA,-0.31498704154559,-7.87504993970762,0,0,-0.46871330099566,-7.20975879044773,-0.454545454545455,-5,-0.333333333333333,-1,NA,NA,NA,NA,NA,NA,NA,NA,NA,NA,1988,"Enclosed"
1,1996,NA,NA,NA,NA,NA,NA,NA,NA,NA,NA,0,2,0,0,0,0,0,3,0,0,0.625,5,15.5678482355989,0,6.90936362790229,2,NA,NA,NA,NA,NA,-0.377315636534988,-9.43333880075041,0,0,-0.55081567526168,-8.47265940223674,-0.545454545454545,-6,-0.333333333333333,-1,NA,NA,NA,NA,NA,NA,NA,NA,NA,NA,1999,"Enclosed"
1,2014,NA,NA,NA,NA,NA,NA,NA,NA,NA,NA,0,2,0,0,0,0,0,3,0,0,0.625,5,17.5494681016236,0,7.89030480254043,2,NA,NA,NA,NA,NA,-0.298054605323003,-7.45171893472567,0,0,-0.487043753147396,-7.49171822759859,-0.545454545454545,-6,-0.333333333333333,-1,NA,NA,NA,NA,NA,NA,NA,NA,NA,NA,2014,"Enclosed"
2,1984,0,0,0,0,1,0,0,0,0,0,0,2,0,4,0,2,0,1,0,0,0.666666666666667,9,43.5380759490395,21.4232860680381,13.9866846530471,4,1,0.0962112750161874,0,0,1,0.233245828698554,8.23442850432421,0.463160788520853,6.78150080690118,0.0857125438195397,1.10419127792047,-0.25,-3,-0.2,-1,2.09930423782416,0.0651684126079033,0,0,0,0,-0.8,-4,0,0,1984,"Enclosed"
2,1988,0,0,0,0,1,0,0,0,0,0,0,2,0,4,0,2,0,1,0,0,0.666666666666667,9,44.6795147348591,22.1141026576084,14.08629277512,4,1,0.128824933751266,0,0,1,0.26557786429366,9.3758672901438,0.510341960573957,7.47231739647149,0.0934445968602347,1.20379939999335,-0.25,-3,-0.2,-1,3.14990512333966,0.0977820713429823,0,0,0,0,-0.8,-4,0,0,1988,"Enclosed"
2,1996,0,0,0,0,2,0,0,0,0,0,0,0,0,4,0,3,0,1,0,0,0.5,8,37.5800847514146,23.2408348628184,13.9866846530471,3,2,0.141764368493239,0,0,1,0.0644816462736374,2.27643730669934,0.58729515891109,8.59904960168147,0.0857125438195397,1.10419127792047,-0.333333333333333,-4,-0.4,-2,3.56672991777356,0.110721506084955,0,0,0,0,-0.6,-3,0,0,1999,"Enclosed"
2,2014,0,0,0,0,1,0,0,0,0,0,0,0,0,4,0,3,0,1,0,0,0.5,8,46.0154847347361,30.0928286413647,14.7186494628615,3,1,0.167311644824645,0,0,1,0.30342012979807,10.7118372900208,1.05527045402304,15.4510433802278,0.142531110575233,1.83615608773488,-0.333333333333333,-4,-0.4,-2,4.38969772259134,0.136268782416361,0,0,0,0,-0.8,-4,0,0,2014,"Enclosed"
3,1984,0,0,0,0,2,0,0,0,0,0.0655737704918032,0,0,0,1,0,3,0,5,0,0,0.236842105263158,9,52.9953497588195,13.9866846530471,38.4676043110078,3,2,0.174751091355932,0,0,1,0.0843836882282042,4.12394904141324,0.336716081816476,3.52321762118461,0.0385596904156063,1.42822692518417,-0.865671641791045,-58,-0.25,-1,0.0151705258355195,0.00261144889329651,-1,-0.0214610048148353,0,0,-0.966101694915254,-57,-0.666666666666667,-2,1984,"Enclosed"
3,1988,0,0,0,0,2,0,0,0,0,0.0655737704918032,0,0,0,1,0,2,0,5,0,0,0.213333333333333,8,52.3776341033074,14.1862543263664,38.1913797769409,3,2,0.232104792238031,0,0,1,0.0717440739252711,3.50623338590114,0.355789078626384,3.7227872945039,0.031102099236641,1.15200239111729,-0.880597014925373,-59,-0.25,-1,0.348351773696817,0.0599651497753951,-1,-0.0214610048148353,0,0,-0.966101694915254,-57,-0.666666666666667,-2,1988,"Enclosed"
3,1996,0,0,0,0,3,0,0,0,0,0.0967741935483871,0,0,0,1,0,4,0,4,0,0,0.236842105263158,9,43.5856318078332,13.9866846530471,29.3946650924864,3,3,0.115217910570406,0,0,1,-0.108156689433507,-5.28576890957299,0.336716081816476,3.52321762118461,-0.206394189991518,-7.64471229333724,-0.865671641791045,-58,-0.25,-1,-0.330671837572716,-0.0569217318922301,-1,-0.0214610048148353,0,0,-0.949152542372881,-56,-0.666666666666667,-2,1999,"Enclosed"
3,2014,0,0,0,0,2,1,0,0,0,0.0645161290322581,0,0,0,1,0,5,1,2,0,0,0.210526315789474,9,33.3048157134579,15.0451161608443,17.3258080138375,4,3,0.305975384744582,0,0,2,-0.318521359638544,-15.5665850039484,0.43787103404924,4.58164912898176,-0.532232741566852,-19.7135693719862,-0.865671641791045,-58,0,0,0.777483561411463,0.133835742281946,-1,-0.0214610048148353,0,0,-0.949152542372881,-56,-0.333333333333333,-1,2014,"Enclosed"
4,1984,0,0,0,0,2,0,0,0,0,0.2,0,0,0,4,0,3,0,3,0,0,0.5,10,68.9533052621778,42.4273855013169,25.965125837241,3,2,0.229728962793754,0,0,1,-0.0578518538391371,-4.23402259401338,0.132380777696258,4.95996611644165,-0.231300935883276,-7.81288567507471,-0.666666666666667,-20,-0.25,-1,10.6186693147964,0.209956564030223,-1,-0.00147262155637022,0,0,-0.888888888888889,-16,-0.666666666666667,-2,1984,"Enclosed"
4,1988,0,0,0,0,2,0,0,0,0,0.2,0,0,0,4,0,2,0,2,0,0,0.421052631578947,8,65.1629933605758,42.0467619163804,23.1162314441954,3,2,0.260163141625405,0,0,1,-0.109641036647529,-8.02433449561539,0.122221989309297,4.57934253150516,-0.315642620473173,-10.6617800681204,-0.733333333333333,-22,-0.25,-1,12.1578947368421,0.240390742861874,-1,-0.00147262155637022,0,0,-0.888888888888889,-16,-0.666666666666667,-2,1988,"Enclosed"
4,1996,0,0,0,0,1,0,0,0,0,0.105263157894737,0,0,0,3,0,1,0,2,0,0,0.333333333333333,6,57.5648159084199,32.9315486417142,24.6332672667057,3,1,0.19244218498646,0,0,1,-0.213459247733004,-15.6225119477713,-0.121061733570904,-4.53587074316111,-0.270730686508167,-9.14474424561002,-0.8,-24,-0.25,-1,8.73286991062562,0.172669786222929,-1,-0.00147262155637022,0,0,-0.944444444444444,-17,-0.666666666666667,-2,1999,"Enclosed"
4,2014,NA,NA,NA,NA,NA,NA,NA,NA,NA,NA,0,0,0,1,0,0,0,2,0,0,0.181818181818182,3,34.4872849564172,4.71814781204077,29.7691371443765,2,NA,NA,NA,NA,NA,-0.528780651423936,-38.700042899774,-0.874073317845173,-32.7492715728345,-0.118682959370703,-4.0088743679393,-0.9,-27,-0.5,-2,NA,NA,NA,NA,NA,NA,NA,NA,NA,NA,2014,"Enclosed"
5,1984,NA,NA,NA,NA,NA,NA,NA,NA,NA,NA,0,0,0,2,0,0,0,2,0,0,0.444444444444444,4,41.1730260945549,16.8080115705575,24.3650145239973,2,NA,NA,NA,NA,NA,0.122610953477167,4.49689535930251,0.185958714325298,2.63550171205056,0.0827152953494459,1.86139364725195,-0.714285714285714,-10,-0.5,-2,NA,NA,NA,NA,NA,NA,NA,NA,NA,NA,1984,"Enclosed"
5,1988,NA,NA,NA,NA,NA,NA,NA,NA,NA,NA,0,0,0,2,0,0,0,1,0,0,0.352941176470588,3,30.8120142531075,16.7257214779875,14.08629277512,2,NA,NA,NA,NA,NA,-0.159889180362975,-5.86411648214479,0.180152396785813,2.55321161948059,-0.374043277200942,-8.41732810162539,-0.785714285714286,-11,-0.5,-2,NA,NA,NA,NA,NA,NA,NA,NA,NA,NA,1988,"Enclosed"
5,1996,NA,NA,NA,NA,NA,NA,NA,NA,NA,NA,0,0,0,1,0,0,0,0,0,0,0.133333333333333,1,7.33014069394247,7.33014069394247,0,1,NA,NA,NA,NA,NA,-0.800138658386423,-29.3459900413099,-0.482791632031033,-6.84236916456448,-1,-22.5036208767454,-0.928571428571429,-13,-0.75,-3,NA,NA,NA,NA,NA,NA,NA,NA,NA,NA,1999,"Enclosed"
5,2014,NA,NA,NA,NA,NA,NA,NA,NA,NA,NA,0,0,0,1,0,0,0,0,0,0,0.133333333333333,1,8.60710027759033,8.60710027759033,0,1,NA,NA,NA,NA,NA,-0.765321474620076,-28.069030457662,-0.392690471658132,-5.56540958091663,-1,-22.5036208767454,-0.928571428571429,-13,-0.75,-3,NA,NA,NA,NA,NA,NA,NA,NA,NA,NA,2014,"Enclosed"
6,1984,NA,NA,NA,NA,NA,NA,NA,NA,NA,NA,0,0,0,5,0,0,0,0,0,0,0.285714285714286,5,41.8000879882114,41.8000879882114,0,1,NA,NA,NA,NA,NA,0.12471523668639,4.63504689624412,0.12471523668639,4.63504689624412,0,0,-0.833333333333333,-25,-0.666666666666667,-2,NA,NA,NA,NA,NA,NA,NA,NA,NA,NA,1984,"Enclosed"
6,1988,NA,NA,NA,NA,NA,NA,NA,NA,NA,NA,0,0,0,5,0,0,0,0,0,0,0.285714285714286,5,41.9374933968978,41.9374933968978,0,1,NA,NA,NA,NA,NA,0.128412404902789,4.7724523049305,0.128412404902789,4.7724523049305,0,0,-0.833333333333333,-25,-0.666666666666667,-2,NA,NA,NA,NA,NA,NA,NA,NA,NA,NA,1988,"Enclosed"
6,1996,NA,NA,NA,NA,NA,NA,NA,NA,NA,NA,0,0,0,5,0,0,0,0,0,0,0.285714285714286,5,43.6863394873349,43.6863394873349,0,1,NA,NA,NA,NA,NA,0.175468617920541,6.52129839536761,0.175468617920541,6.52129839536761,0,0,-0.833333333333333,-25,-0.666666666666667,-2,NA,NA,NA,NA,NA,NA,NA,NA,NA,NA,1999,"Enclosed"
6,2014,0,0,0,0,1,0,0,0,0,0.0769230769230769,0,0,0,5,0,1,0,0,0,0,0.333333333333333,6,47.6725278787995,47.6725278787995,0,2,1,0.087734172620593,0,0,1,0.282725014640258,10.5074867868322,0.282725014640258,10.5074867868322,0,0,-0.8,-24,-0.333333333333333,-1,-0.15501801811528,-0.0160954645805497,-1,-0.00355392668937345,0,0,-0.96,-24,-0.666666666666667,-2,2014,"Enclosed"
7,1984,NA,NA,NA,NA,NA,NA,NA,NA,NA,NA,0,0,0,1,0,1,0,0,0,0,0.363636363636364,2,8.73309743321933,7.11578590019722,0,2,NA,NA,NA,NA,NA,-0.810088385994876,-37.2519650337013,-0.813683615238291,-31.0761632904122,-1,-7.79311327631118,-0.777777777777778,-7,-0.333333333333333,-1,NA,NA,NA,NA,NA,NA,NA,NA,NA,NA,1984,"Enclosed"
7,1988,NA,NA,NA,NA,NA,NA,NA,NA,NA,NA,0,0,0,1,0,1,0,0,0,0,0.363636363636364,2,7.28191724670987,6.67370490897488,0,2,NA,NA,NA,NA,NA,-0.841646029035013,-38.7031452202107,-0.825258855585831,-31.5182442816345,-1,-7.79311327631118,-0.777777777777778,-7,-0.333333333333333,-1,NA,NA,NA,NA,NA,NA,NA,NA,NA,NA,1988,"Enclosed"
7,1996,NA,NA,NA,NA,NA,NA,NA,NA,NA,NA,0,0,0,0,0,1,0,0,0,0,0.2,1,0.817128249198705,0,0,1,NA,NA,NA,NA,NA,-0.982230572160547,-45.1679342177219,-1,-38.1919491906094,-1,-7.79311327631118,-0.888888888888889,-8,-0.666666666666667,-2,NA,NA,NA,NA,NA,NA,NA,NA,NA,NA,1999,"Enclosed"
8,1984,NA,NA,NA,NA,NA,NA,NA,NA,NA,NA,0,0,0,0,0,2,0,3,0,0,0.588235294117647,5,29.1397248486476,0,28.4615138995998,2,NA,NA,NA,NA,NA,-0.526882810507524,-32.4511991249803,-1,-36.5838464510531,0.210668170049277,4.95258337370571,-0.583333333333333,-7,-0.333333333333333,-1,NA,NA,NA,NA,NA,NA,NA,NA,NA,NA,1984,"Enclosed"
8,1988,NA,NA,NA,NA,NA,NA,NA,NA,NA,NA,0,0,0,0,0,2,0,3,0,0,0.588235294117647,5,31.2081690867252,0,30.356934922281,2,NA,NA,NA,NA,NA,-0.49329922213721,-30.3827548869027,-1,-36.5838464510531,0.291293744257913,6.84800439638686,-0.583333333333333,-7,-0.333333333333333,-1,NA,NA,NA,NA,NA,NA,NA,NA,NA,NA,1988,"Enclosed"
8,1996,NA,NA,NA,NA,NA,NA,NA,NA,NA,NA,0,0,0,0,0,2,0,3,0,0,0.588235294117647,5,35.5972096432392,0,34.4473670970712,2,NA,NA,NA,NA,NA,-0.422038064269319,-25.9937143303887,-1,-36.5838464510531,0.465288565940031,10.9384365711771,-0.583333333333333,-7,-0.333333333333333,-1,NA,NA,NA,NA,NA,NA,NA,NA,NA,NA,1999,"Enclosed"
8,2014,NA,NA,NA,NA,NA,NA,NA,NA,NA,NA,0,0,0,0,0,2,0,2,0,0,0.5,4,18.7594941733478,0,16.9241889280459,2,NA,NA,NA,NA,NA,-0.69541788037828,-42.8314298002801,-1,-36.5838464510531,-0.280095327628598,-6.58474159784825,-0.666666666666667,-8,-0.333333333333333,-1,NA,NA,NA,NA,NA,NA,NA,NA,NA,NA,2014,"Enclosed"
9,1984,0,0,0,2,0,0,0,0,0,0.444444444444444,0,0,0,11,0,1,0,1,0,0,0.764705882352941,13,35.3473548525084,30.9144694435228,4.19096313970512,3,2,0.302869166760141,0.302869166760141,0,1,-0.0287423792824385,-1.04603254392089,0.153958516564058,4.12453809003579,-0.520350561797753,-4.54659142809149,-0.380952380952381,-8,0,0,-0.581252036051689,-0.420404001912569,0.0637931034482758,0.018162332528566,0,0,-0.714285714285714,-5,-0.5,-1,1984,"Enclosed"
9,1988,0,0,0,2,0,0,0,0,0,0.444444444444444,0,0,0,11,0,1,0,1,0,0,0.764705882352941,13,36.2147485841645,31.2628131639436,4.71435247579318,3,2,0.283764356435498,0.283764356435498,0,1,-0.00490855138926359,-0.178638812264751,0.166961301671064,4.47288181045664,-0.460449438202247,-4.02320209200343,-0.380952380952381,-8,0,0,-0.607666413291345,-0.439508812237212,-0.00331034482758635,-0.000942477796076979,0,0,-0.714285714285714,-5,-0.5,-1,1988,"Enclosed"
9,1996,0,0,0,1,0,0,0,0,0,0.25,0,0,0,11,0,1,0,1,0,0,0.764705882352941,13,34.3286934345819,28.8648158565044,5.14718540364152,3,1,0.177205460616549,0.177205460616549,0,1,-0.0567326679255463,-2.06469396184738,0.0774501612430373,2.07488450301746,-0.410912359550562,-3.59036916415509,-0.380952380952381,-8,0,0,-0.754995113475947,-0.546067708056161,-0.377586206896552,-0.107501373615026,0,0,-0.857142857142857,-6,-0.5,-1,1999,"Enclosed"
9,2014,NA,NA,NA,NA,NA,NA,NA,NA,NA,NA,0,0,0,11,0,1,0,1,0,0,0.764705882352941,13,43.1054267660807,35.8189156106854,6.80884765334985,3,NA,NA,NA,NA,NA,0.18443019047768,6.71203936965144,0.337029018031552,9.02898425719841,-0.220737610218225,-1.92870691444676,-0.380952380952381,-8,0,0,NA,NA,NA,NA,NA,NA,NA,NA,NA,NA,2014,"Enclosed"
10,1984,0,0,0,0,1,0,0,0,0,0.4,0,0,0,1,0,1,0,0,0,0,0.4,2,18.2466842913149,18.2466842913149,0,2,1,0.1661902513749,0,0,1,-0.438491842900302,-14.2491647192545,-0.432698858433551,-13.9173339952191,0,0,-0.75,-6,0,0,-0.418880878819087,-0.119792854872196,0,0,0,0,-0.75,-3,0,0,1984,"Enclosed"
10,1988,NA,NA,NA,NA,NA,NA,NA,NA,NA,NA,0,0,0,1,0,0,0,0,0,0,0.222222222222222,1,18.7805194229761,18.7805194229761,0,1,NA,NA,NA,NA,NA,-0.422064048338369,-13.7153295875933,-0.416101581100055,-13.3834988635579,0,0,-0.875,-7,-0.5,-1,NA,NA,NA,NA,NA,NA,NA,NA,NA,NA,1988,"Enclosed"
10,1996,NA,NA,NA,NA,NA,NA,NA,NA,NA,NA,0,0,0,1,0,0,0,0,0,0,0.222222222222222,1,19.3610268404973,19.3610268404973,0,1,NA,NA,NA,NA,NA,-0.4042,-13.1348221700722,-0.398053232403394,-12.8029914460367,0,0,-0.875,-7,-0.5,-1,NA,NA,NA,NA,NA,NA,NA,NA,NA,NA,1999,"Enclosed"
10,2014,NA,NA,NA,NA,NA,NA,NA,NA,NA,NA,0,0,0,1,0,0,0,0,0,0,0.222222222222222,1,20.8843103674815,20.8843103674815,0,1,NA,NA,NA,NA,NA,-0.357323750467674,-11.6115386430879,-0.350693368551371,-11.2797079190525,0,0,-0.875,-7,-0.5,-1,NA,NA,NA,NA,NA,NA,NA,NA,NA,NA,2014,"Enclosed"
11,1984,0,0,0,1,3,0,0,0,0,0.470588235294118,0,0,0,10,0,5,0,1,0,0,0.680851063829787,16,27.401854697544,13.3320552838553,13.6572101235019,3,4,0.387535088774386,0.0804247719318987,0,2,-0.398981481481481,-18.1905086876779,-0.204922716627635,-3.43619550468017,-0.505891880372238,-13.9829147418628,-0.483870967741935,-15,0,0,-0.563852120301417,-0.501005488431232,-0.518117647058823,-0.086472337790059,0,0,-0.692307692307692,-9,0,0,1984,"Enclosed"
11,1988,0,0,0,1,6,0,0,0,0,0.7,0,0,0,10,0,6,0,1,0,0,0.708333333333333,17,27.6027791826951,14.0436456548475,13.5591335278476,3,7,0.317163413333975,0.0829576810088555,0,2,-0.394574504737295,-17.9895842025267,-0.162485948477752,-2.724605133688,-0.509440221638133,-14.0809913375171,-0.451612903225806,-14,0,0,-0.643051289417276,-0.571377163871644,-0.502941176470588,-0.0839394287131023,0,0,-0.461538461538462,-6,0,0,1988,"Enclosed"
11,1996,0,0,0,1,3,0,0,0,0,0.470588235294118,0,0,0,8,0,4,0,1,0,0,0.590909090909091,13,21.9177138468509,7.05228645868654,14.6235051188839,3,4,0.307129951796572,0.19244218498646,0,2,-0.519267872523686,-23.674649538371,-0.579426229508197,-9.71596432984898,-0.470932016764936,-13.0166197464808,-0.580645161290323,-18,0,0,-0.654343358451373,-0.581410625409046,0.153058823529412,0.025545075264502,0,0,-0.692307692307692,-9,0,0,1999,"Enclosed"
11,2014,0,0,0,0,2,0,0,0,0,0.266666666666667,0,0,0,8,0,3,0,1,0,0,0.558139534883721,12,28.0845827701649,11.143930956545,16.5011855002323,3,2,0.230078349142779,0,0,1,-0.3840068668327,-17.507780615057,-0.335414820717963,-5.62431983199048,-0.402998880048128,-11.1389393651324,-0.612903225806452,-19,0,0,-0.741060391562133,-0.658462228062839,-1,-0.166897109721958,0,0,-0.846153846153846,-11,-0.5,-1,2014,"Enclosed"
12,1984,0,0,0,1,7,0,0,0,0,0.64,0,0,0,9,0,10,0,1,0,0,0.8,20,39.4338404015275,31.5930730916522,6.95126461991954,3,8,0.551369145659094,0.145220120412188,0,2,0.0854180403177864,3.10328485817008,0.073540165465706,2.16420390914984,0.170330578512397,1.01169100922634,-0.333333333333333,-10,0,0,-0.497431767337808,-0.545733913836717,-0.516601307189542,-0.155194677087336,0,0,-0.529411764705882,-9,0,0,1984,"Enclosed"
12,1988,0,0,0,1,8,0,0,0,0,0.692307692307692,0,0,0,8,0,9,0,1,0,0,0.75,18,37.3846776883614,30.709716142325,6.42424281732577,3,9,0.802794732716702,0.19244218498646,0,2,0.0290147543641572,1.05412214500389,0.0435234854550308,1.28084695982265,0.0815999999999999,0.484669206632565,-0.4,-12,0,0,-0.268259507829978,-0.294308326779109,-0.359411764705882,-0.107972612513064,0,0,-0.470588235294118,-8,0,0,1988,"Enclosed"
12,1996,0,0,0,0,4,0,0,0,0,0.380952380952381,0,0,0,9,0,4,0,1,0,0,0.636363636363636,14,43.9404550631021,36.6103143691596,7.33014069394247,3,4,0.309819940506208,0,0,1,0.209462789817867,7.60989951974464,0.244027221777422,7.18144518665725,0.234119008264463,1.39056708324927,-0.533333333333333,-16,0,0,-0.717601789709172,-0.787283118989602,-1,-0.300414797499524,0,0,-0.764705882352941,-13,-0.5,-1,1999,"Enclosed"
12,2014,0,0,0,0,1,0,0,0,0,0.111111111111111,0,0,0,9,0,3,0,1,0,0,0.604651162790698,13,53.3266543739508,45.0620370531946,7.603676470365,3,1,0.0477962142777153,0,0,1,0.467818302704178,16.9960988305933,0.531218776152883,15.6331678706922,0.280172108091372,1.6641028596718,-0.566666666666667,-17,0,0,-0.956434161892064,-1.0493068452181,-1,-0.300414797499524,0,0,-0.941176470588235,-16,-0.5,-1,2014,"Enclosed"
13,1984,0,0,0,1,0,0,0,0,0,0.333333333333333,0,0,0,9,0,2,0,1,0,0,0.666666666666667,12,40.1906500717773,28.0325883276144,11.6415642769587,3,1,0.15552847130678,0.15552847130678,0,1,-0.0464265915073024,-1.95676061924249,-0.0829636766547838,-2.53608993951853,0.02648891966759,0.300414797499524,-0.5,-12,0,0,-0.62680800942285,-0.261223429145991,0.100138888888889,0.014156801895239,0,0,-0.8,-4,-0.5,-1,1984,"Enclosed"
13,1988,NA,NA,NA,NA,NA,NA,NA,NA,NA,NA,0,0,0,7,0,0,0,1,0,0,0.5,8,38.5094267632088,27.2576359597901,11.2517908034186,2,NA,NA,NA,NA,NA,-0.0863157159162376,-3.63798392781106,-0.108314866557472,-3.3110423073428,-0.00787915512465362,-0.0893586760405434,-0.666666666666667,-16,-0.333333333333333,-1,NA,NA,NA,NA,NA,NA,NA,NA,NA,NA,1988,"Enclosed"
13,1996,NA,NA,NA,NA,NA,NA,NA,NA,NA,NA,0,0,0,6,0,0,0,1,0,0,0.451612903225806,7,33.9119611690832,22.0577699743387,11.8541911947445,2,NA,NA,NA,NA,NA,-0.195396333651674,-8.23544952193662,-0.278419243986254,-8.51090829279419,0.0452371883656512,0.513041715285301,-0.708333333333333,-17,-0.333333333333333,-1,NA,NA,NA,NA,NA,NA,NA,NA,NA,NA,1999,"Enclosed"
13,2014,NA,NA,NA,NA,NA,NA,NA,NA,NA,NA,0,0,0,6,0,0,0,1,0,0,0.451612903225806,7,42.3080102981407,30.1214655891068,12.1865447090339,2,NA,NA,NA,NA,NA,0.00381042641737211,0.160599607120893,-0.014629768226091,-0.447212678026101,0.0745422878964681,0.845395229574724,-0.708333333333333,-17,-0.333333333333333,-1,NA,NA,NA,NA,NA,NA,NA,NA,NA,NA,2014,"Enclosed"
14,1984,0,0,0,2,0,0,0,0,0,0.333333333333333,0,0,0,14,0,2,0,2,0,0,0.8,18,44.3256143224322,24.4628555002026,19.252308099729,3,2,0.221874981159779,0.221874981159779,0,1,0.182347164573868,6.83610561421139,0.198973174545892,4.05968383669324,0.142654702249155,2.40355399944521,-0.333333333333333,-9,0,0,-0.758547008547009,-0.697040870015235,-0.708010335917313,-0.537997741927252,0,0,-0.8,-8,-0.5,-1,1984,"Enclosed"
14,1988,0,0,0,2,0,0,0,0,0,0.333333333333333,0,0,0,12,0,1,0,2,0,0,0.714285714285714,15,43.0205770991769,22.9834206147649,19.754413145589,3,2,0.256687754752371,0.256687754752371,0,1,0.147536433032616,5.5310683909561,0.126463130037291,2.58024895125555,0.172455424775667,2.9056590453052,-0.444444444444444,-12,0,0,-0.720662393162393,-0.662228096422643,-0.662196382428941,-0.50318496833466,0,0,-0.8,-8,-0.5,-1,1988,"Enclosed"
14,1996,0,0,0,1,0,0,0,0,0,0.181818181818182,0,0,0,9,0,1,0,2,0,0,0.615384615384615,12,40.1223007966077,19.710273768806,19.9702405608906,3,1,0.19244218498646,0.19244218498646,0,1,0.0702274363976797,2.63279208838684,-0.0339603031396608,-0.692897894703314,0.185265120615313,3.12148646060682,-0.555555555555556,-15,0,0,-0.790576923076923,-0.726473666188555,-0.746744186046512,-0.567430538100571,0,0,-0.9,-9,-0.5,-1,1999,"Enclosed"
14,2014,0,0,0,1,2,0,0,0,0,0.307692307692308,0,0,0,10,0,3,0,2,0,0,0.666666666666667,15,48.1384496516481,26.5542065323329,20.8799326284166,3,3,0.0187007018117026,0.00716197006086491,0,2,0.284051226872764,10.6489409434273,0.301474445751223,6.15103486882354,0.239256772586225,4.03117852813282,-0.444444444444444,-12,0,0,-0.979649168323966,-0.900215149363312,-0.990574776744493,-0.752710753026166,0,0,-0.7,-7,0,0,2014,"Enclosed"
15,1984,0,0,0,1,7,0,0,0,0,1,0,0,0,5,0,10,0,2,0,0,0.842105263157895,17,58.6144023790302,20.33073831789,37.5499843668024,3,8,0.910315741285812,0.0706858347057703,0,2,-0.00864033740421236,-0.510862235381857,-0.076431263240049,-1.6824995805841,0.0118009629120155,0.437957650864512,-0.19047619047619,-4,0,0,0.0554809334092203,0.0478503831049896,-0.26530612244898,-0.0255254403104171,0,0,0,0,0,0,1984,"Enclosed"
15,1988,0,0,0,0,5,0,0,0,0,0.769230769230769,0,0,0,2,0,7,0,2,0,0,0.6875,11,40.7256240307755,1.84446831683074,38.2203806041244,3,5,0.446950459835403,0,0,1,-0.31119760230471,-18.3996405836365,-0.916210948823726,-20.1687695816434,0.0298650865033596,1.10835388818648,-0.476190476190476,-10,0,0,-0.481775754126352,-0.41551489834542,-1,-0.0962112750161874,0,0,-0.375,-3,-0.5,-1,1988,"Enclosed"
15,1996,0,0,0,0,3,0,0,0,0,0.545454545454545,0,0,0,2,0,5,0,2,0,0,0.6,9,46.3810798558597,6.62129921652219,39.145913434826,3,3,0.23082852022251,0,0,1,-0.21554550058531,-12.7441847585524,-0.699212844241275,-15.3919386819519,0.0548039786254696,2.03388671888812,-0.571428571428571,-12,0,0,-0.732361980648833,-0.631636837958313,-1,-0.0962112750161874,0,0,-0.625,-5,-0.5,-1,1999,"Enclosed"
15,2014,NA,NA,NA,NA,NA,NA,NA,NA,NA,NA,0,0,0,2,0,2,0,2,0,0,0.444444444444444,6,50.9195579054611,8.90357440391195,40.9526300650818,3,NA,NA,NA,NA,NA,-0.138785116015376,-8.20570670895096,-0.595535448034697,-13.1096634945622,0.103486758579382,3.84060334914385,-0.714285714285714,-15,0,0,NA,NA,NA,NA,NA,NA,NA,NA,NA,NA,2014,"Enclosed"
16,1984,0,0,0,0,3,0,0,0,0,0.461538461538462,0,0,0,6,0,6,0,0,0,0,0.705882352941176,12,15.2693576635997,14.4143732229252,0,2,3,0.279660651031746,0,0,1,-0.628264200097994,-25.8064754082348,-0.639599401065318,-25.5810465003856,0,0,-0.454545454545455,-10,0,0,-0.465633675996098,-0.243689415148143,-1,-0.174751091355932,0,0,-0.7,-7,-0.5,-1,1984,"Enclosed"
16,1988,NA,NA,NA,NA,NA,NA,NA,NA,NA,NA,0,0,0,6,0,2,0,0,0,0,0.533333333333333,8,16.7935013394887,15.7856784162171,0,2,NA,NA,NA,NA,NA,-0.59115859415146,-24.2823317323457,-0.605312845185203,-24.2097413070937,0,0,-0.636363636363636,-14,0,0,NA,NA,NA,NA,NA,NA,NA,NA,NA,NA,1988,"Enclosed"
16,1996,NA,NA,NA,NA,NA,NA,NA,NA,NA,NA,0,0,0,5,0,1,0,0,0,0,0.428571428571429,6,18.6182954323264,18.1219041581051,0,2,NA,NA,NA,NA,NA,-0.546733589072527,-22.457537639508,-0.54690051302192,-21.8735155652057,0,0,-0.727272727272727,-16,0,0,NA,NA,NA,NA,NA,NA,NA,NA,NA,NA,1999,"Enclosed"
16,2014,NA,NA,NA,NA,NA,NA,NA,NA,NA,NA,0,0,0,5,0,0,0,0,0,0,0.37037037037037,5,23.4973379799309,23.4973379799309,0,1,NA,NA,NA,NA,NA,-0.427952247764806,-17.5784950919035,-0.412499277605135,-16.4980817433799,0,0,-0.772727272727273,-17,-0.5,-1,NA,NA,NA,NA,NA,NA,NA,NA,NA,NA,2014,"Enclosed"
17,1984,0,0,0,1,5,0,0,0,0,0.705882352941176,0,0,0,6,0,7,0,0,0,0,0.838709677419355,13,49.1837535669894,48.4507218261365,0,2,6,0.525176116909789,0.19244218498646,0,2,-0.0795939776412123,-4.25326484901663,-0.0852363299351252,-4.51456681797896,0,0,-0.277777777777778,-5,0,0,0.193050537490522,0.084980081279604,0.0859833795013852,0.0152367243699105,0,0,-0.454545454545455,-5,0,0,1984,"Enclosed"
17,1988,0,0,0,1,6,0,0,0,0,0.777777777777778,0,0,0,5,0,7,0,0,0,0,0.8,12,46.5371581058808,46.0835121267025,0,2,7,0.594467869875529,0.177205460616549,0,2,-0.129121356592352,-6.89986031012518,-0.129929935125116,-6.88177651741295,0,0,-0.333333333333333,-6,0,0,0.350461661983139,0.154271834245344,0,0,0,0,-0.363636363636364,-4,0,0,1988,"Enclosed"
17,1996,NA,NA,NA,NA,NA,NA,NA,NA,NA,NA,0,0,0,4,0,0,0,0,0,0,0.363636363636364,4,27.0778190502803,27.0778190502803,0,1,NA,NA,NA,NA,NA,-0.49327601252974,-26.3591993657257,-0.488762928637628,-25.8874695938351,0,0,-0.777777777777778,-14,-0.5,-1,NA,NA,NA,NA,NA,NA,NA,NA,NA,NA,1999,"Enclosed"
17,2014,0,0,0,0,8,0,0,0,0,0.842105263157895,0,0,0,4,0,8,0,0,0,0,0.8,12,28.4034353701141,28.4034353701141,0,2,8,0.0460554553427845,0,0,1,-0.468468933857911,-25.0335830458919,-0.463734908329064,-24.5618532740013,0,0,-0.333333333333333,-6,0,0,-0.895375124683139,-0.3941405802874,-1,-0.177205460616549,0,0,-0.272727272727273,-3,-0.5,-1,2014,"Enclosed"
18,1984,0,0,0,2,4,0,0,0,0,0.8,0,0,0,9,0,5,0,1,0,0,0.75,15,37.2996583371736,26.7086230086212,10.3491130592718,3,6,0.474557205278823,0.24789129532232,0,2,-0.0925065685759328,-3.80219104882339,0.0353820098570911,0.912711205684172,0.0604617473970122,0.590050005206418,-0.4,-10,-0.25,-1,-0.293779037489408,-0.197409828369949,-0.00668764752163665,-0.00166897109721961,0,0,-0.333333333333333,-3,0,0,1984,"Enclosed"
18,1988,0,0,0,1,3,0,0,0,0,0.615384615384615,0,0,0,9,0,4,0,1,0,0,0.717948717948718,14,37.4164274091167,26.8076420820716,10.3491130592718,3,4,0.322936089834946,0.0962112750161874,0,2,-0.089665599770697,-3.68542197688027,0.0392205666875987,1.01173027913451,0.0604617473970122,0.590050005206418,-0.44,-11,-0.25,-1,-0.51941676650206,-0.349030943813826,-0.61447678992919,-0.153348991403352,0,0,-0.555555555555556,-5,0,0,1988,"Enclosed"
18,1996,0,0,0,1,2,0,0,0,0,0.5,0,0,0,9,0,2,0,1,0,0,0.648648648648649,12,42.2969308663766,31.4866320055578,10.8102988608188,3,3,0.326195492213045,0.113411494794592,0,2,0.0290760999378971,1.19508148037964,0.220605507031265,5.69072020262072,0.107718927619335,1.0512358067534,-0.52,-13,-0.25,-1,-0.514566227390936,-0.345771541435727,-0.545554681353265,-0.136148771624948,0,0,-0.666666666666667,-6,0,0,1999,"Enclosed"
18,2014,NA,NA,NA,NA,NA,NA,NA,NA,NA,NA,0,0,0,8,0,1,0,1,0,0,0.571428571428571,10,45.2420325284917,32.9495019518731,11.9415936761362,3,NA,NA,NA,NA,NA,0.100729850465203,4.14018314249478,0.277314878558452,7.15359014893602,0.223641410039012,2.18253062207081,-0.6,-15,-0.25,-1,NA,NA,NA,NA,NA,NA,NA,NA,NA,NA,2014,"Enclosed"
19,1984,0,0,0,2,3,0,0,0,0,0.714285714285714,0,1,0,10,0,8,0,2,0,0,0.857142857142857,21,35.6419184336906,27.2968076931896,3.25959872764026,4,5,0.583393755771625,0.206598986881699,0,2,0.083977069150842,2.76122432305641,0.0789615630881471,1.99766022860141,0.247960909603458,0.647658960491622,-0.25,-7,0,0,-0.0672735834248939,-0.0420777066040182,-0.389143686502177,-0.131613097231327,0,0,-0.444444444444444,-4,0,0,1984,"Enclosed"
19,1988,0,0,0,2,2,0,0,0,0,0.615384615384615,0,1,0,10,0,8,0,2,0,0,0.857142857142857,21,35.5731764594392,27.0001628068744,3.49519854170541,4,4,0.429102286572196,0.222915633726281,0,2,0.0818864206377643,2.69248234880505,0.067236073652962,1.7010153422862,0.338161999624131,0.883258774556771,-0.25,-7,0,0,-0.313953853398211,-0.196369175803447,-0.340899854862119,-0.115296450386745,0,0,-0.555555555555556,-5,0,0,1988,"Enclosed"
19,1996,0,0,0,1,0,0,0,0,0,0.2,0,0,0,9,0,7,0,3,0,0,0.765957446808511,19,50.946599379689,28.1857998743392,20.2468970639473,3,1,0.0881413088872786,0.0881413088872786,0,1,0.549438074764123,18.0659052690549,0.114100778051573,2.88665240975098,6.75167073858297,17.6349572967987,-0.321428571428571,-9,-0.25,-1,-0.859080207188824,-0.537330153488364,-0.739390420899855,-0.250070775225748,0,0,-0.888888888888889,-8,-0.5,-1,1999,"Enclosed"
19,2014,NA,NA,NA,NA,NA,NA,NA,NA,NA,NA,0,0,0,8,0,6,0,3,0,0,0.711111111111111,17,60.2444275631224,33.1260151415502,23.8644906830858,3,NA,NA,NA,NA,NA,0.832212767784557,27.3637334524883,0.309372783723937,7.82686767696203,8.13669257738583,21.2525509159372,-0.392857142857143,-11,-0.25,-1,NA,NA,NA,NA,NA,NA,NA,NA,NA,NA,2014,"Enclosed"
20,1984,0,0,0,0,8,0,0,0,0,0.857142857142857,0,0,0,9,0,9,0,1,0,0,0.894736842105263,19,34.393685132603,19.2592981433832,14.9301049269201,3,8,0.973913357566921,0,0,1,0.111033870353926,3.43721652229259,0.418105324032241,5.67829127668496,-0.0400403989395279,-0.622742203757838,0,0,0,0,0.60651012145749,0.367684150194516,0,0,0,0,0.333333333333333,2,0,0,1984,"Enclosed"
20,1988,0,0,0,0,5,0,0,0,0,0.909090909090909,0,0,0,9,0,6,0,1,0,0,0.8,16,36.3144548810078,20.7762750610313,15.3091577155298,3,5,0.56483872416136,0,0,1,0.173081314220474,5.35798627069739,0.52980373730437,7.19526819433305,-0.0156684762024998,-0.243689415148145,-0.157894736842105,-3,0,0,-0.0682753036437246,-0.0413904832110454,0,0,0,0,-0.166666666666667,-1,0,0,1988,"Enclosed"
20,1996,0,0,0,0,1,0,0,0,0,0.285714285714286,0,0,0,8,0,1,0,1,0,0,0.620689655172414,10,39.8534786402308,24.0197731263219,15.8337055139089,3,1,0.19244218498646,0,0,1,0.287403907141951,8.89701002992038,0.768629775544873,10.4387662596237,0.0180583259689431,0.280858383230925,-0.473684210526316,-9,0,0,-0.682558704453441,-0.413787022385946,0,0,0,0,-0.833333333333333,-5,0,0,1999,"Enclosed"
20,2014,NA,NA,NA,NA,NA,NA,NA,NA,NA,NA,0,0,0,8,0,1,0,1,0,0,0.620689655172414,10,46.2995618113158,29.8328949765504,16.2159481060548,3,NA,NA,NA,NA,NA,0.495634479311867,15.3430932010054,1.19666297715401,16.2518881098522,0.0426353432143543,0.663100975376841,-0.473684210526316,-9,0,0,NA,NA,NA,NA,NA,NA,NA,NA,NA,NA,2014,"Enclosed"
21,1984,0,0,0,2,5,0,0,0,0,0.75,0,0,0,18,0,11,0,3,0,0,0.895522388059702,32,75.4923929259464,21.0001331725537,52.2436255416777,3,7,0.733286995256028,0.237681119198153,0,2,0.0356213384331526,2.59664413791648,0.446823362305117,6.48548423911669,-0.0762581585890848,-4.31289620457257,-0.0857142857142857,-3,0,0,-0.299653070792311,-0.313746931323196,-0.592767031118587,-0.345967890976576,0,0,-0.222222222222222,-2,0,0,1984,"Enclosed"
21,1988,0,0,0,1,5,0,0,0,0,0.666666666666667,0,0,0,17,0,10,0,3,0,0,0.892307692307692,30,75.1990270769634,21.9700213645332,51.1163239227992,3,6,0.57565758386216,0.0530929158456675,0,2,0.0315968808500896,2.30327828893344,0.513644695458081,7.45537243109619,-0.0961904596583808,-5.44019782345102,-0.142857142857143,-5,0,0,-0.450201593999062,-0.471376342717064,-0.909032800672834,-0.530556094329061,0,0,-0.333333333333333,-3,0,0,1988,"Enclosed"
21,1996,0,0,0,1,3,0,0,0,0,0.615384615384615,0,0,0,18,0,8,0,2,0,0,0.888888888888889,28,82.9016821198052,32.5038797067902,48.0359923259544,3,4,0.465937460435536,0.113411494794592,0,2,0.137263605877362,10.0059333317753,1.23938449051371,17.9892307733532,-0.150655117344813,-8.52052942029582,-0.2,-7,0,0,-0.554992967651196,-0.581096466143687,-0.805685449957948,-0.470237515380137,0,0,-0.555555555555556,-5,0,0,1999,"Enclosed"
21,2014,0,0,0,0,2,0,0,0,0,0.363636363636364,0,0,0,16,0,6,0,2,0,0,0.813559322033898,24,91.551378668299,40.4604201687589,49.6984028406744,3,2,0.313535252108966,0,0,1,0.255922055681421,18.6556298802691,1.7875576153655,25.9457712353219,-0.121261327497223,-6.85811890557585,-0.314285714285714,-11,0,0,-0.700549099556572,-0.733498674470257,-1,-0.583649010174729,0,0,-0.777777777777778,-7,-0.5,-1,2014,"Enclosed"
22,1984,0,0,0,1,4,0,0,0,0,0.588235294117647,0,0,0,10,0,8,0,0,0,0,0.73469387755102,18,29.3951952362467,26.5210110223397,0,2,5,0.503911461635803,0.0122718463030851,0,2,-0.271810399338489,-10.9723068669736,0.29563932853717,6.05157138879368,-1,-16.9822717880613,-0.419354838709677,-13,-0.333333333333333,-1,-0.344469987228608,-0.26479699078945,-0.615384615384615,-0.0196349540849362,0,0,-0.583333333333333,-7,0,0,1984,"Enclosed"
22,1988,0,0,0,1,1,0,0,0,0,0.285714285714286,0,0,0,9,0,6,0,0,0,0,0.652173913043478,15,30.792477473793,27.4143621632961,0,2,2,0.122306128995068,0.0176714586764426,0,2,-0.237196361690744,-9.57502462942731,0.339282494004796,6.94492252975011,-1,-16.9822717880613,-0.516129032258065,-16,-0.333333333333333,-1,-0.840893997445722,-0.646402323430185,-0.446153846153846,-0.0142353417115787,0,0,-0.833333333333333,-10,0,0,1988,"Enclosed"
22,1996,0,0,0,1,1,0,0,0,0,0.285714285714286,0,0,0,7,0,3,0,0,0,0,0.48780487804878,10,26.5496191504414,24.4583787306712,0,2,2,0.15867006396037,0.0330063578167778,0,2,-0.342302154774065,-13.8178829527789,0.194872901678657,3.98893909712521,-1,-16.9822717880613,-0.67741935483871,-21,-0.333333333333333,-1,-0.793588761174968,-0.610038388464883,0.0344615384615384,0.00109955742875643,0,0,-0.833333333333333,-10,0,0,1999,"Enclosed"
22,2014,0,0,0,1,0,0,0,0,0,0.153846153846154,0,0,0,7,0,2,0,0,0,0,0.45,9,32.0903122774707,30.0746146567295,0,2,1,0.0718186719297823,0.0718186719297823,0,1,-0.205045875877698,-8.27718982574964,0.46924464934752,9.60517502318352,-1,-16.9822717880613,-0.709677419354839,-22,-0.333333333333333,-1,-0.906572287967959,-0.69688978049547,1.25088918526425,0.0399118715417609,0,0,-0.916666666666667,-11,-0.5,-1,2014,"Enclosed"
23,1984,0,0,0,1,2,0,0,0,0,0.75,0,0,0,12,0,3,0,1,0,0,0.914285714285714,16,48.4218388086775,34.4209188139188,13.5591335278476,3,3,0.305146821433994,0.057255526111674,0,2,0.383857916444544,13.431368881617,0.582097378277154,12.6644079401053,0.0790015624999998,0.992762913488457,-0.157894736842105,-3,0,0,0.233510596079054,0.0577660349178824,-0.618823529411765,-0.092951872638088,0,0,-0.4,-2,0,0,1984,"Enclosed"
23,1988,0,0,0,1,2,0,0,0,0,0.75,0,0,0,11,0,3,0,1,0,0,0.882352941176471,15,49.6540696221859,35.2137389899604,13.9866846530471,3,3,0.328512416795068,0.0683492751696629,0,2,0.41907410005331,14.6635996951253,0.618537972113172,13.4572281161468,0.113025,1.42031403868795,-0.210526315789474,-4,0,0,0.327962536709263,0.0811316302789565,-0.544967320261438,-0.081858123580099,0,0,-0.4,-2,0,0,1988,"Enclosed"
23,1996,0,0,0,1,1,0,0,0,0,0.571428571428571,0,0,0,10,0,2,0,1,0,0,0.8125,13,50.8563374957606,36.310095921201,14.2865693067863,3,2,0.279601746169492,0.1661902513749,0,2,0.453433966499257,15.8658675687,0.668930102432201,14.5535850473874,0.1368890625,1.72019869242718,-0.315789473684211,-6,0,0,0.130248432415271,0.0322209596533803,0.10640522875817,0.015982852625138,0,0,-0.6,-3,0,0,1999,"Enclosed"
23,2014,NA,NA,NA,NA,NA,NA,NA,NA,NA,NA,0,0,0,7,0,0,0,1,0,0,0.592592592592593,8,49.8195780418202,33.8863769634287,15.9332010783915,2,NA,NA,NA,NA,NA,0.423804199991358,14.8291081147596,0.557528096300348,12.1298660896151,0.267923855451563,3.36683046403233,-0.578947368421053,-11,-0.333333333333333,-1,NA,NA,NA,NA,NA,NA,NA,NA,NA,NA,2014,"Enclosed"
24,1984,0,0,0,0,1,0,0,0,0,0.4,0,0,0,11,0,5,0,2,0,0,0.9,18,54.1406762655479,11.4032155693216,40.4280955715265,3,1,0.0706858347057703,0,0,1,0.0519464367465282,2.67353461811308,0.188865916069601,1.8115404988303,0.0128319149982781,0.512197412259638,-0.181818181818182,-4,0,0,-0.76158940397351,-0.225801971976766,-1,-0.208130513300324,0,0,-0.75,-3,-0.5,-1,1984,"Enclosed"
24,1988,0,0,0,0,1,0,0,0,0,0.4,0,0,0,11,0,2,0,2,0,0,0.810810810810811,15,53.6448936749032,12.4259806926519,40.8003743009769,3,1,0.0706858347057703,0,0,1,0.0423134442240196,2.17775202746845,0.295496417604913,2.83430562216054,0.0221584927935462,0.884476141710039,-0.318181818181818,-7,0,0,-0.76158940397351,-0.225801971976766,-1,-0.208130513300324,0,0,-0.75,-3,-0.5,-1,1988,"Enclosed"
24,1996,0,0,0,0,1,0,0,0,0,0.4,0,0,0,10,0,1,0,2,0,0,0.742857142857143,13,55.2411172672381,14.2012947011955,41.0398225660426,3,1,0.0706858347057703,0,0,1,0.0733278650999542,3.77397561980333,0.480585465711361,4.60961963070413,0.0281573122140783,1.12392440677583,-0.409090909090909,-9,0,0,-0.76158940397351,-0.225801971976766,-1,-0.208130513300324,0,0,-0.75,-3,-0.5,-1,1999,"Enclosed"
24,2014,0,0,0,0,3,0,0,0,0,0.571428571428571,0,0,0,9,0,3,0,0,0,0,0.705882352941176,12,17.4843645517824,17.4843645517824,0,2,3,0.0287970924843106,0,0,1,-0.660281026066,-33.9827770956524,0.822868729735517,7.89268948129103,-1,-39.9158981592668,-0.454545454545455,-10,-0.333333333333333,-1,-0.902872590928689,-0.267690714198226,-1,-0.208130513300324,0,0,-0.25,-1,-0.5,-1,2014,"Enclosed"
27,1984,0,0,0,2,3,0,0,0,0,0.476190476190476,0,0,0,11,2,6,0,1,0,1,0.792452830188679,21,23.6219100516988,13.3294831048702,7.79311327631118,5,5,0.647678595445706,0.337662305398648,0,2,0.176667237205663,3.54664212140794,0.137460729694634,1.61085163312817,0.140189600689457,0.958185759344886,-0.34375,-11,0,0,-0.364737602311025,-0.371866395414607,-0.184976303317536,-0.076635225793506,0,0,-0.6875,-11,0,0,1984,"Enclosed"
27,1988,0,0,0,0,2,0,0,0,0,0.222222222222222,0,0,0,10,1,5,0,1,0,1,0.72,18,21.6693316776764,12.1770487447631,7.54767635024948,5,2,0.254488639894858,0,0,1,0.0794043572878205,1.59406374738554,0.0391186696267749,0.458417273021004,0.104280379201379,0.712748833283184,-0.4375,-14,0,0,-0.75038998555609,-0.765056350965454,-1,-0.414297531192154,0,0,-0.875,-14,-0.5,-1,1988,"Enclosed"
27,1996,0,0,0,0,2,0,0,0,0,0.222222222222222,0,0,0,10,1,5,0,1,0,1,0.72,18,24.2318306304392,14.1407012328894,7.867510117339,5,2,0.327707383677585,0,0,1,0.207048927794214,4.15656270014831,0.20668537678549,2.4220697611473,0.151074403906923,1.03258260037271,-0.4375,-14,0,0,-0.678574867597496,-0.691837607182727,-1,-0.414297531192154,0,0,-0.875,-14,-0.5,-1,1999,"Enclosed"
27,2014,0,0,0,0,1,0,0,0,0,0.117647058823529,0,0,0,9,1,4,0,1,0,1,0.666666666666667,16,30.0551687263387,17.9328837465314,8.60710027759033,5,1,0.179049326521618,0,0,1,0.497124164454586,9.97990079604781,0.530288224335257,6.21425227478935,0.259281866007354,1.77217276062403,-0.5,-16,0,0,-0.824383104103594,-0.840495664338694,-1,-0.414297531192154,0,0,-0.9375,-15,-0.5,-1,2014,"Enclosed"
28,1984,0,0,0,1,13,0,0,0,0,0.666666666666667,0,0,0,12,0,20,0,4,0,0,0.837209302325581,36,69.4993926051881,14.7248214819621,52.4736293938286,3,14,1.470952585273,0.0962112750161874,0,2,0.121547223916539,7.53196838698153,0.29192299409966,3.32722150950878,0.063665671641791,3.1408072554264,-0.28,-14,0,0,-0.252501970644875,-0.496882148073396,-0.605633802816901,-0.147753029489145,0,0,-0.5,-14,0,0,1984,"Enclosed"
28,1988,0,0,0,1,8,0,0,0,0,0.486486486486487,0,0,0,11,0,14,0,3,0,0,0.717948717948718,28,62.2417441617272,11.8863925194437,47.9525045011853,3,9,0.923765684833994,0.113411494794592,0,2,0.00442684115051599,0.274319943520638,0.0428855678539129,0.488792546990403,-0.0279797014925374,-1.38031763721693,-0.44,-22,0,0,-0.530567445944463,-1.0440690485124,-0.535130784708249,-0.130552809710741,0,0,-0.678571428571429,-19,0,0,1988,"Enclosed"
28,1996,0,0,0,0,8,0,0,0,0,0.444444444444444,0,0,0,6,0,12,0,4,0,0,0.611111111111111,22,69.9374287958689,8.25645892280751,59.713135139715,3,8,0.993332327156923,0,0,1,0.128616037832999,7.97000457766237,-0.275596709591283,-3.14114104964584,0.210413930348259,10.3803130013128,-0.56,-28,0,0,-0.495215573582383,-0.974502406189469,-1,-0.243964304505332,0,0,-0.714285714285714,-20,-0.5,-1,1999,"Enclosed"
28,2014,0,0,0,0,6,0,0,0,0,0.352941176470588,0,0,0,4,0,9,0,3,0,0,0.484848484848485,16,64.442085129268,9.69651490850128,53.5682215295015,3,6,0.385304164955965,0,0,1,0.0399348680743514,2.47466091106145,-0.149249409354898,-1.70108506395207,0.0858535799800175,4.23539939109929,-0.68,-34,0,0,-0.804198920556333,-1.58253056839043,-1,-0.243964304505332,0,0,-0.785714285714286,-22,-0.5,-1,2014,"Enclosed"
29,1984,0,0,0,2,3,0,0,0,0,0.476190476190476,0,0,0,14,0,4,0,1,0,0,0.76,19,31.1643438692076,12.5532151951223,18.1332924314744,3,5,0.483059140397601,0.272866956918358,0,2,0.21744803252282,5.56625422867631,0.368428938356164,3.37976464664007,0.140149382716049,2.22897962267604,-0.387096774193548,-12,0,0,-0.510485892793187,-0.503754382003123,-0.339809976247031,-0.140448826569549,0,0,-0.6875,-11,0,0,1984,"Enclosed"
29,1988,0,0,0,1,3,0,0,0,0,0.4,0,0,0,8,0,4,0,1,0,0,0.590909090909091,13,26.3743968201875,6.29471102522744,19.5957038117204,3,4,0.395722864627804,0.188574099031727,0,2,0.0303267622919386,0.776307179656129,-0.313812071917808,-2.87873952325475,0.2321,3.6913910029221,-0.580645161290323,-18,0,0,-0.59898921564726,-0.59109065777292,-0.54375296912114,-0.22474168445618,0,0,-0.75,-12,0,0,1988,"Enclosed"
29,1996,0,0,0,0,1,0,0,0,0,0.117647058823529,0,0,0,7,0,1,0,1,0,0,0.45,9,34.1189135851384,13.890493012985,20.2284205721534,3,1,0.177205460616549,0,0,1,0.332869525197515,8.52082394460709,0.514205907534247,4.71704246450282,0.271882716049383,4.32410776335508,-0.709677419354839,-22,0,0,-0.820426598750448,-0.809608061784175,-1,-0.413315783487907,0,0,-0.9375,-15,-0.5,-1,1999,"Enclosed"
29,2014,NA,NA,NA,NA,NA,NA,NA,NA,NA,NA,0,0,0,7,0,1,0,1,0,0,0.45,9,37.596276961519,18.6311749973156,18.506735727908,3,NA,NA,NA,NA,NA,0.468714169278868,11.9981873209876,1.03098876468007,9.45772444883337,0.163630013468425,2.60242291910972,-0.709677419354839,-22,0,0,NA,NA,NA,NA,NA,NA,NA,NA,NA,NA,2014,"Enclosed"
30,1984,0,0,0,2,7,0,0,0,0,0.580645161290323,0,0,0,7,0,10,0,1,0,0,0.692307692307692,18,24.7025786546256,11.3202186184046,12.4410210674809,3,9,1.0306387399183,0.249854790730813,0,2,-0.501711207707465,-24.8722442928735,-0.700361727560938,-26.4593965364211,0.0969806094182824,1.09987158802178,-0.470588235294118,-16,0,0,-0.097101573922766,-0.110839315809465,-0.164203612479475,-0.0490873852123405,0,0,-0.590909090909091,-13,0,0,1984,"Enclosed"
30,1988,0,0,0,2,3,0,0,0,0,0.37037037037037,0,0,0,6,0,3,0,1,0,0,0.454545454545455,10,18.1756253924815,5.76584353694969,12.4097818555318,3,5,0.477620258116073,0.325351189187393,0,2,-0.633369837513491,-31.3991975550176,-0.847382152694766,-32.0137716178761,0.094226108033241,1.06863237607265,-0.705882352941177,-24,0,0,-0.581577363034317,-0.663857797611693,0.0883415435139574,0.0264090132442392,0,0,-0.772727272727273,-17,0,0,1988,"Enclosed"
30,1996,0,0,0,0,2,0,0,0,0,0.166666666666667,0,0,0,5,0,2,0,0,0,0,0.341463414634146,7,6.14644748693209,6.14644748693209,0,2,2,0.184352583903466,0,0,1,-0.876016753636391,-43.428375460567,-0.837307832233252,-31.6331676678937,-1,-11.3411494794592,-0.794117647058823,-27,-0.333333333333333,-1,-0.838496602735013,-0.9571254718243,-1,-0.298942175943154,0,0,-0.909090909090909,-20,-0.5,-1,1999,"Enclosed"
30,2014,NA,NA,NA,NA,NA,NA,NA,NA,NA,NA,0,0,0,5,0,0,0,0,0,0,0.256410256410256,5,9.16150561986363,9.16150561986363,0,1,NA,NA,NA,NA,NA,-0.815198419779212,-40.4133173276354,-0.757501351394963,-28.6181095349621,-1,-11.3411494794592,-0.852941176470588,-29,-0.666666666666667,-2,NA,NA,NA,NA,NA,NA,NA,NA,NA,NA,2014,"Enclosed"
31,1984,0,0,0,5,8,0,0,0,0,0.8125,0,0,0,10,0,12,0,1,0,0,0.897959183673469,23,59.2436830224983,45.2741004144591,12.4410210674809,3,13,1.12739979364887,0.591542261716873,0,2,0.116210312138728,6.16794776165509,0.0508572600492207,2.19108416129212,0.330846460827557,3.09281942764281,-0.115384615384615,-3,0,0,0.149716665665485,0.146810551693068,0.094532243415077,0.0510901505290039,0,0,-0.315789473684211,-6,0,0,1984,"Enclosed"
31,1988,0,0,0,4,9,0,0,0,0,0.8125,0,0,0,9,0,13,0,1,0,0,0.857142857142857,23,40.8357172183297,27.1681594740251,12.0379743649795,3,13,1.001441563194,0.501260742834336,0,2,-0.230614196531792,-12.2400180425135,-0.369399781241455,-15.9148567791419,0.287731568998109,2.68977272514132,-0.115384615384615,-3,0,0,0.0212650928095153,0.0208523212382024,-0.0725158946412354,-0.0391913683535328,0,0,-0.315789473684211,-6,0,0,1988,"Enclosed"
31,1996,0,2,0,1,7,0,0,0,0,0.551724137931034,0,2,0,5,0,11,0,0,0,0,0.727272727272727,18,4.04721564084931,1.80771168278374,0,3,10,0.523899844894268,0.135265198691126,0,3,-0.923746404624277,-49.0285196199939,-0.958041199526023,-41.2753045703833,-1,-9.34820163983813,-0.307692307692308,-8,0,0,-0.465729560881841,-0.456689397061531,-0.749718437783833,-0.405186912496744,0,0,-0.473684210526316,-9,0.5,1,1999,"Enclosed"
31,2014,0,5,0,0,6,0,0,0,0,0.4,0,6,0,5,0,7,0,1,0,0,0.577777777777778,19,16.1055339251499,5.36675462822163,9.89326891872896,4,11,0.18636048781271,0,0,2,-0.696555613483289,-36.9702013356933,-0.875432244653318,-37.7162616249454,0.0583071803423648,0.545067278890832,-0.269230769230769,-7,0.333333333333333,1,-0.809950507471394,-0.794228754143089,-1,-0.540452111187869,0,0,-0.421052631578947,-8,0,0,2014,"Enclosed"
32,1984,0,0,0,1,0,0,0,0,0,0.117647058823529,0,0,0,10,0,0,0,0,0,0,0.540540540540541,10,41.3830415634473,41.3830415634473,0,1,1,0.19244218498646,0.19244218498646,0,1,0.136505479987598,4.97051008678526,0.136505479987598,4.97051008678526,0,0,-0.62962962962963,-17,-0.5,-1,-0.112630149388864,-0.0244258828816606,0.163323442136499,0.0270176968208722,0,0,-0.9375,-15,-0.5,-1,1984,"Enclosed"
32,1988,NA,NA,NA,NA,NA,NA,NA,NA,NA,NA,0,0,0,9,0,0,0,0,0,0,0.5,9,24.8286154248968,24.8286154248968,0,1,NA,NA,NA,NA,NA,-0.318129928955634,-11.5839160517653,-0.318129928955634,-11.5839160517653,0,0,-0.666666666666667,-18,-0.5,-1,NA,NA,NA,NA,NA,NA,NA,NA,NA,NA,1988,"Enclosed"
32,1996,NA,NA,NA,NA,NA,NA,NA,NA,NA,NA,0,0,0,7,0,0,0,0,0,0,0.411764705882353,7,18.9706643183346,18.9706643183346,0,1,NA,NA,NA,NA,NA,-0.479007266207417,-17.4418671583274,-0.479007266207417,-17.4418671583274,0,0,-0.740740740740741,-20,-0.5,-1,NA,NA,NA,NA,NA,NA,NA,NA,NA,NA,1999,"Enclosed"
32,2014,NA,NA,NA,NA,NA,NA,NA,NA,NA,NA,0,0,0,7,0,0,0,0,0,0,0.411764705882353,7,26.1568170308654,26.1568170308654,0,1,NA,NA,NA,NA,NA,-0.281653431659095,-10.2557144457967,-0.281653431659095,-10.2557144457967,0,0,-0.740740740740741,-20,-0.5,-1,NA,NA,NA,NA,NA,NA,NA,NA,NA,NA,2014,"Enclosed"
33,1984,0,0,0,0,3,0,0,0,0,0.428571428571429,0,0,0,12,0,7,0,1,0,0,0.869565217391304,20,75.9663218126945,56.5856992880205,16.9457704084174,3,3,0.371434426424738,0,0,1,0.19023034386224,12.141430938053,0.196312124451271,9.28558577126127,0.194520415224914,2.75951608205102,-0.230769230769231,-6,0,0,-0.483861286185916,-0.348206275742259,-1,-0.433441611424967,0,0,-0.727272727272727,-8,-0.5,-1,1984,"Enclosed"
33,1988,0,0,0,0,1,0,0,0,0,0.166666666666667,0,0,0,11,0,3,0,0,0,0,0.7,14,45.4168661656107,43.8759149690249,0,2,1,0.125663706143592,0,0,1,-0.288414511278774,-18.4080247090308,-0.0723930302306996,-3.42419854773427,-1,-14.1862543263664,-0.461538461538462,-12,-0.333333333333333,-1,-0.825379935063163,-0.593976996023405,-1,-0.433441611424967,0,0,-0.909090909090909,-10,-0.5,-1,1988,"Enclosed"
33,1996,0,0,0,0,1,0,0,0,0,0.166666666666667,0,0,0,7,0,3,0,0,0,0,0.555555555555556,10,44.7128548868953,43.2032803469373,0,2,1,0.135265198691126,0,0,1,-0.299444867446529,-19.1120359877462,-0.086613601220436,-4.09683316982193,-1,-14.1862543263664,-0.615384615384615,-16,-0.333333333333333,-1,-0.812037870726583,-0.584375503475871,-1,-0.433441611424967,0,0,-0.909090909090909,-10,-0.5,-1,1999,"Enclosed"
33,2014,0,0,0,0,6,0,0,0,0,0.705882352941176,0,0,0,5,0,6,0,0,0,0,0.594594594594595,11,47.9934247310406,47.9934247310406,0,2,6,0.223562957750604,0,0,1,-0.248045330382083,-15.8314661436009,0.014657707196322,0.693311214281451,-1,-14.1862543263664,-0.576923076923077,-15,-0.333333333333333,-1,-0.689340865410466,-0.496077744416393,-1,-0.433441611424967,0,0,-0.454545454545455,-5,-0.5,-1,2014,"Enclosed"
34,1984,0,0,0,2,8,0,0,0,0,0.833333333333333,0,0,0,3,0,19,0,0,0,0,0.709677419354839,22,6.03064052773914,1.60606070433144,0,2,10,1.15950294357774,0.300748591718968,0,2,-0.85133868176813,-34.5356654855912,-0.952048305780279,-31.8872439737527,0,0,-0.45,-18,0,0,0.247818277865822,0.230278741508132,0.547171717171717,0.106362546278099,0,0,-0.285714285714286,-4,0,0,1984,"Enclosed"
34,1988,0,0,0,1,4,0,0,0,0,0.526315789473684,0,0,0,2,0,9,0,0,0,0,0.431372549019608,11,2.3219707652223,0.204282062299676,0,2,5,0.559576556466597,0.162597054777357,0,2,-0.942761099212255,-38.244335248108,-0.993900809004573,-33.2890226157845,0,0,-0.725,-29,0,0,-0.397802430005283,-0.369647645603009,-0.163535353535354,-0.0317889906635117,0,0,-0.642857142857143,-9,0,0,1988,"Enclosed"
34,1996,0,0,0,0,3,0,0,0,0,0.352941176470588,0,0,0,2,0,9,0,0,0,0,0.431372549019608,11,5.57891877406109,2.33312341914254,0,2,3,0.365563575153342,0,0,1,-0.862474074611875,-34.9873872392692,-0.930340602649783,-31.1601812589416,0,0,-0.725,-29,0,0,-0.606592709984152,-0.563660626916264,-1,-0.194386045440868,0,0,-0.785714285714286,-11,-0.5,-1,1999,"Enclosed"
34,2014,NA,NA,NA,NA,NA,NA,NA,NA,NA,NA,0,0,0,2,0,5,0,0,0,0,0.297872340425532,7,8.60839167492777,4.76216460434195,0,2,NA,NA,NA,NA,NA,-0.787794538844651,-31.9579143384026,-0.857817416044407,-28.7311400737422,0,0,-0.825,-33,0,0,NA,NA,NA,NA,NA,NA,NA,NA,NA,NA,2014,"Enclosed"
35,1984,0,0,0,3,5,0,0,0,0,0.533333333333333,0,0,0,8,0,14,0,0,0,0,0.733333333333333,22,72.97159861566,69.4516011269453,0,2,8,1.31992051845167,0.488262403230109,0,2,0.0649281840779982,4.44904497619753,0.0527518676151076,3.48011889696818,0,0,-0.421052631578947,-16,0,0,-0.371159962581852,-0.779056073228014,0.0718534482758621,0.0327314684595887,0,0,-0.636363636363636,-14,0,0,1984,"Enclosed"
35,1988,0,0,0,0,2,0,0,0,0,0.166666666666667,0,0,0,6,0,6,0,0,0,0,0.48,12,40.890341660594,38.9982193101991,0,2,2,0.329572704315654,0,0,1,-0.403257183383121,-27.6322119788685,-0.408862466144826,-26.973262919778,0,0,-0.684210526315789,-26,0,0,-0.842984097287184,-1.76940388736403,-1,-0.45553093477052,0,0,-0.909090909090909,-20,-0.5,-1,1988,"Enclosed"
35,1996,NA,NA,NA,NA,NA,NA,NA,NA,NA,NA,0,0,0,6,0,3,0,0,0,0,0.382978723404255,9,42.74757269758,41.4939790540272,0,2,NA,NA,NA,NA,NA,-0.37615324550658,-25.7749809418825,-0.371031578320783,-24.4775031759499,0,0,-0.763157894736842,-29,0,0,NA,NA,NA,NA,NA,NA,NA,NA,NA,NA,1999,"Enclosed"
35,2014,NA,NA,NA,NA,NA,NA,NA,NA,NA,NA,0,0,0,5,0,0,0,0,0,0,0.232558139534884,5,47.0717407218055,47.0717407218055,0,1,NA,NA,NA,NA,NA,-0.3130474825927,-21.450812917657,-0.286483505740966,-18.8997415081717,0,0,-0.868421052631579,-33,-0.5,-1,NA,NA,NA,NA,NA,NA,NA,NA,NA,NA,2014,"Enclosed"
36,1984,0,0,0,2,7,0,0,0,0,0.75,0,0,0,6,0,13,0,0,0,0,0.826086956521739,19,39.7655140459303,37.9051021463826,0,2,9,1.14550322131518,0.332733931923329,0,2,0.00563136203386457,0.222680014277259,0.0217481740234995,0.806819898304113,-1,-0.441786466911065,-0.296296296296296,-8,-0.333333333333333,-1,-0.216912751677852,-0.317300858012569,0.193380281690141,0.0539175839172349,0,0,-0.4,-6,0,0,1984,"Enclosed"
36,1988,0,0,0,1,5,0,0,0,0,0.571428571428571,0,0,0,4,0,7,0,0,0,0,0.578947368421053,11,15.0142014352659,14.2896519945777,0,2,6,0.707938269532375,0.152053084433746,0,2,-0.620305377625503,-24.5286325963871,-0.614816343812851,-22.8086302535008,-1,-0.441786466911065,-0.592592592592593,-16,-0.333333333333333,-1,-0.516040268456376,-0.754865809795372,-0.454647887323944,-0.126763263572348,0,0,-0.6,-9,0,0,1988,"Enclosed"
36,1996,0,0,0,0,3,0,0,0,0,0.333333333333333,0,0,0,2,0,4,0,0,0,0,0.363636363636364,6,16.2093221855537,15.8407937323336,0,2,3,0.290008271834508,0,0,1,-0.590081930582452,-23.3335118460993,-0.573004657563248,-21.2574885157449,-1,-0.441786466911065,-0.777777777777778,-21,-0.333333333333333,-1,-0.801744966442953,-1.17279580749324,-1,-0.278816348006094,0,0,-0.8,-12,-0.5,-1,1999,"Enclosed"
36,2014,0,0,0,0,1,0,0,0,0,0.125,0,0,0,2,0,2,0,0,0,0,0.258064516129032,4,20.9289251412461,20.5349669175683,0,2,1,0.0644577530477824,0,0,1,-0.470727739835414,-18.6139088904069,-0.446471219873478,-16.5633153305102,-1,-0.441786466911065,-0.851851851851852,-23,-0.333333333333333,-1,-0.955935484485793,-1.39834632627997,-1,-0.278816348006094,0,0,-0.933333333333333,-14,-0.5,-1,2014,"Enclosed"
37,1984,0,0,0,1,6,0,0,0,0,0.823529411764706,0,0,0,6,0,15,0,4,0,0,0.909090909090909,25,29.0301618048537,15.0038341795091,11.6820711872359,3,7,0.837136267411255,0.0397607820219958,0,2,0.0325399818423075,0.914871050633518,0.0263787777031566,0.385610863274064,0.0288137644821029,0.327177239917294,-0.166666666666667,-5,0,0,-0.197080979284369,-0.205479794498857,1.25,0.0220893233455532,0,0,-0.3,-3,0,0,1984,"Enclosed"
37,1988,0,0,0,1,6,0,0,0,0,0.823529411764706,0,0,0,6,0,14,0,4,0,0,0.888888888888889,24,29.6172272970392,15.6006582438748,11.9167481584591,3,7,0.792093682740412,0.0397607820219958,0,2,0.0534206299322579,1.50193654281903,0.067206178643385,0.982434927639785,0.0494812381117069,0.561854211140451,-0.2,-6,0,0,-0.240282485875706,-0.250522379169701,1.25,0.0220893233455532,0,0,-0.3,-3,0,0,1988,"Enclosed"
37,1996,0,0,0,1,4,0,0,0,0,0.666666666666667,0,0,0,6,0,10,0,4,0,0,0.8,20,32.8355140812847,17.2355037908947,13.5297007316743,3,5,0.641179425643592,0.0962112750161874,0,2,0.167888120678818,4.72022332706458,0.179042310275353,2.61728047465974,0.191530347570465,2.1748067843557,-0.333333333333333,-10,0,0,-0.385028248587571,-0.401436636266521,4.44444444444444,0.0785398163397448,0,0,-0.5,-5,0,0,1999,"Enclosed"
37,2014,0,0,0,0,2,0,0,0,0,0.333333333333333,0,0,0,6,0,5,0,2,0,0,0.604651162790698,13,33.9239248752931,21.498500113656,11.0312277631219,3,2,0.324079270879128,0,0,1,0.206600535340401,5.80863412107291,0.470664365195447,6.88027679742102,-0.0285045536927372,-0.32366618419668,-0.566666666666667,-17,0,0,-0.689167199011491,-0.718536791030984,-1,-0.0176714586764426,0,0,-0.8,-8,-0.5,-1,2014,"Enclosed"
38,1984,0,0,0,2,1,0,0,0,0,0.75,0,0,0,9,0,3,0,5,0,0,0.871794871794872,17,54.25907503868,26.0133885543818,27.4659431876772,3,3,0.22470241454801,0.196349540849362,0,2,-0.00622433200273315,-0.339841785302077,0.00910274963820553,0.234657336269073,0.00339215264328243,0.092853697867664,-0.227272727272727,-5,0,0,-0.194084507042253,-0.0541139334580842,0.176470588235294,0.0294524311274043,0,0,-0.4,-2,0,0,1984,"Enclosed"
38,1988,0,0,0,2,1,0,0,0,0,0.75,0,0,0,9,0,3,0,5,0,0,0.871794871794872,17,55.2645810373696,26.4558426097318,28.0228493903883,3,3,0.262421161345172,0.231005234809274,0,2,0.012191894127378,0.665664213387508,0.0262662807525326,0.677111391619025,0.0237371781077399,0.649759900578712,-0.227272727272727,-5,0,0,-0.0588028169014084,-0.0163951866609217,0.384117647058824,0.0641081250873167,0,0,-0.4,-2,0,0,1988,"Enclosed"
38,1996,0,0,0,2,1,0,0,0,0,0.75,0,0,0,9,0,3,0,5,0,0,0.871794871794872,17,60.060124048304,29.0024372496857,30.0387897612428,3,3,0.383804447498248,0.332733931923329,0,2,0.100024094652426,5.4612072243219,0.125052936248001,3.22370603157299,0.0973839753245821,2.66570027143319,-0.227272727272727,-5,0,0,0.376549295774648,0.104988099492154,0.99364705882353,0.165836822201371,0,0,-0.4,-2,0,0,1999,"Enclosed"
38,2014,NA,NA,NA,NA,NA,NA,NA,NA,NA,NA,0,0,0,8,0,1,0,5,0,0,0.777777777777778,14,53.6798318642961,19.0503007757672,34.0277267170951,3,NA,NA,NA,NA,NA,-0.0168333918170748,-0.919084959685968,-0.261007044350499,-6.72843044234554,0.243108737497934,6.65463722728558,-0.363636363636364,-8,0,0,NA,NA,NA,NA,NA,NA,NA,NA,NA,NA,2014,"Enclosed"
39,1984,0,0,0,0,1,0,0,0,0,0,0,0,0,3,0,4,0,5,0,0,0.785714285714286,12,36.0761847131871,24.1929926912592,9.84135314663538,3,1,0.0314159265358979,0,0,1,-0.139134610879445,-5.83069779029223,-0.143991246352647,-4.06956021859796,-0.144098360655738,-1.65687596550326,-0.25,-4,0,0,-0.75,-0.0942477796076938,-1,-0.125663706143592,0,0,0,0,0,0,1984,"Enclosed"
39,1988,0,0,0,0,1,0,0,0,0,0,0,0,0,3,0,4,0,3,0,0,0.692307692307692,10,34.076521719269,24.7161071379901,7.21688627878056,3,1,0.036305030103047,0,0,1,-0.186851426697278,-7.8303607842103,-0.125482145338335,-3.54644577186709,-0.372348019125683,-4.28134283335809,-0.375,-6,0,0,-0.71109375,-0.0893586760405447,-1,-0.125663706143592,0,0,0,0,0,0,1988,"Enclosed"
39,1996,0,0,0,0,2,0,0,0,0,0,0,0,0,3,0,5,0,3,0,0,0.666666666666667,11,36.1171039575001,26.0137616185094,7.85533644580634,3,2,0.0969377683173301,0,0,1,-0.138158178325446,-5.78977854597922,-0.0795678755036822,-2.24879129134775,-0.31682206284153,-3.6428926663323,-0.3125,-5,0,0,-0.22859375,-0.0287259378262617,-1,-0.125663706143592,0,0,1,1,0,0,1999,"Enclosed"
39,2014,0,0,0,0,3,0,0,0,0,0,0,0,0,2,0,5,0,2,0,0,0.56,9,27.4675558651642,17.7905377300091,7.10010080749171,3,3,0.388537023926911,0,0,1,-0.344557403837338,-14.4393266383152,-0.370526159234389,-10.4720151798481,-0.382504841550239,-4.39812830464694,-0.4375,-7,0,0,2.09187939660909,0.262873317783319,-1,-0.125663706143592,0,0,2,2,0,0,2014,"Enclosed"
40,1984,0,0,0,0,2,0,0,0,0,0,0,0,0,6,0,2,0,4,0,0,0.833333333333333,12,38.1198889091177,24.0515424820313,14.0683464270864,3,2,0.0490873852123405,0,0,1,0.0793517540445877,2.80249699654294,0.0798087094499295,1.7776505680797,0.0785714285714286,1.02484642846325,0,0,0.5,1,-0.489795918367347,-0.0471238898038469,-1,-0.0962112750161874,0,0,1,1,0,0,1984,"Enclosed"
40,1988,0,0,0,0,4,0,0,0,0,0,0,0,0,4,0,4,0,4,0,0,0.666666666666667,12,33.6377197653789,19.6302024260477,14.0075173393312,3,4,0.113607844335441,0,0,1,-0.0475593484183021,-1.67967214719587,-0.118690056417489,-2.64368948790398,0.0739078729489689,0.964017340708114,0,0,0.5,1,0.180816326530612,0.0173965693192535,-1,-0.0962112750161874,0,0,3,3,0,0,1988,"Enclosed"
40,1996,0,0,0,0,4,0,0,0,0,0,0,0,0,4,0,4,0,4,0,0,0.666666666666667,12,36.0471446160955,20.6611749601854,15.3859696559101,3,4,0.265012975284384,0,0,1,0.0206627008394952,0.729752703520738,-0.0724039139633286,-1.61271695376623,0.17958904109589,2.34246965728697,0,0,0.5,1,1.75448979591837,0.168801700268197,-1,-0.0962112750161874,0,0,3,3,0,0,1999,"Enclosed"
40,2014,0,0,0,0,2,0,0,0,0,0,0,0,0,4,0,3,0,3,0,0,0.636363636363636,10,43.2599078931921,25.7134717067158,17.2740820953423,3,2,0.134485920587349,0,0,1,0.224889652109034,7.94251598061736,0.154422038413937,3.43957979276412,0.3243440868759,4.23058209671921,-0.166666666666667,-2,0.5,1,0.397818712668776,0.0382746455711612,-1,-0.0962112750161874,0,0,1,1,0,0,2014,"Enclosed"
41,1984,0,0,0,2,1,0,0,0,0,0.666666666666667,0,1,0,10,0,2,0,4,0,0,0.829268292682927,17,33.8364058657644,15.6140885524689,10.6838693914659,4,3,0.334285093296039,0.208621387152447,0,2,0.0288319688402438,0.948230837623832,0.316805762543467,3.75653978057591,-0.155191660676219,-1.96263147051388,-0.291666666666667,-7,0,0,-0.501098901098901,-0.335757714852409,-0.616771866546438,-0.335757714852409,0,0,-0.5,-3,0,0,1984,"Enclosed"
41,1988,0,0,0,1,2,0,0,0,0,0.444444444444444,0,0,0,7,0,3,0,4,0,0,0.736842105263158,14,19.9061520707573,9.66546322794253,10.0323816149277,3,3,0.22629284582889,0.0989798035421634,0,2,-0.394732238753753,-12.9820229573832,-0.184868355688028,-2.19208554395045,-0.206706920402868,-2.61411924705206,-0.416666666666667,-10,-0.25,-1,-0.662271062271062,-0.443749962319558,-0.818178539224527,-0.445399298462693,0,0,-0.5,-3,0,0,1988,"Enclosed"
41,1996,0,0,0,0,4,0,0,0,0,0.2,0,0,0,5,0,5,0,4,0,0,0.684210526315789,14,21.7346375349629,9.81453179935536,11.6781834663271,3,4,0.199019894604913,0,0,1,-0.339135190190217,-11.1535374931776,-0.172296737870508,-2.04301697253761,-0.0765680093031776,-0.968317395652713,-0.416666666666667,-10,-0.25,-1,-0.702974358974359,-0.471022913543535,-1,-0.544379102004856,0,0,-0.333333333333333,-2,-0.5,-1,1999,"Enclosed"
41,2014,0,0,0,0,7,0,0,0,0,0.153846153846154,0,0,0,5,0,9,0,3,0,0,0.585365853658537,17,25.0055024588408,12.0260190178425,12.4150798204379,3,7,0.458167288949208,0,0,1,-0.239681057479016,-7.8826725692997,0.0142078476075011,0.168470245949567,-0.01829921525864,-0.231421041541944,-0.291666666666667,-7,-0.25,-1,-0.316211914556211,-0.211875519199241,-1,-0.544379102004856,0,0,0.166666666666667,1,-0.5,-1,2014,"Enclosed"
42,1984,0,0,0,2,6,0,0,0,1,0.692307692307692,0,0,0,12,0,7,0,3,0,1,0.779661016949153,23,52.7237590739166,22.7185058142509,29.5088619854444,4,9,0.633718143091316,0.251327412287183,0,3,-0.0619392139737991,-3.48129699421327,0.257519834800565,4.65238456070113,-0.203268833165456,-7.52855190497075,-0.361111111111111,-13,0,0,-0.364352535696701,-0.36324665057132,0.193473193473194,0.0407425297262426,0,0,-0.470588235294118,-8,0,0,1984,"Enclosed"
42,1988,0,0,0,2,6,0,0,0,1,0.692307692307692,0,0,0,12,0,7,0,2,0,1,0.758620689655172,22,42.3910804712139,23.9238171057088,17.9832813822655,4,9,0.812317685447896,0.310408989128756,0,3,-0.245778165938865,-13.813975596916,0.32423649603304,5.85769585215902,-0.514456343105551,-19.0541325081497,-0.388888888888889,-14,0,0,-0.18520925652388,-0.18464710821474,0.474032634032634,0.0998241065678157,0,0,-0.470588235294118,-8,0,0,1988,"Enclosed"
42,1996,0,0,0,1,5,0,0,0,0,0.521739130434783,0,0,0,14,0,6,0,2,0,1,0.779661016949153,23,50.5172811086219,30.7053571825182,19.0665810690396,4,6,0.512550841433175,0.135265198691126,0,2,-0.101196855895197,-5.68777495950798,0.69960982501902,12.6392359289684,-0.485207549170333,-17.9708328213756,-0.361111111111111,-13,0,0,-0.485888724766125,-0.484413952229461,-0.357668997668997,-0.0753196838698152,0,0,-0.647058823529412,-11,-0.333333333333333,-1,1999,"Enclosed"
42,2014,0,0,0,0,4,0,0,0,0,0.380952380952381,0,0,0,13,0,5,0,2,0,1,0.736842105263158,21,57.557788043103,36.0951468375816,20.3051868416572,4,4,0.506809051841747,0,0,1,0.0240677986929398,1.35273197497315,0.997946672171775,18.0290255840318,-0.451765533583544,-16.732227048758,-0.416666666666667,-15,0,0,-0.491647994930856,-0.490155741820889,-1,-0.210584882560941,0,0,-0.764705882352941,-13,-0.666666666666667,-2,2014,"Enclosed"
43,1984,0,0,0,1,20,0,0,0,0,0.724137931034483,0,0,0,13,0,28,0,3,0,0,0.778761061946903,44,56.8211420224529,24.2781298521715,29.2786028788904,3,21,2.09182946839276,0.15552847130678,0,2,-0.22351632724248,-16.3563683566958,-0.0496695104142649,-1.268908907739,-0.340842100610026,-15.1395902520523,-0.36231884057971,-25,0,0,-0.25512323020451,-0.716459839605237,-0.0220987654320987,-0.00351465678120358,0,0,-0.432432432432432,-16,0,0,1984,"Enclosed"
43,1988,0,0,0,1,19,0,0,0,0,0.701754385964912,0,0,0,12,0,27,0,3,0,0,0.756756756756757,42,57.3630471202431,23.5773976107883,30.4949293795899,3,20,1.95155735640998,0.15552847130678,0,2,-0.216110976951354,-15.8144632589057,-0.0770986088694182,-1.96964114912221,-0.313458580143223,-13.9232637513528,-0.391304347826087,-27,0,0,-0.305072539765775,-0.856731951588022,-0.0220987654320987,-0.00351465678120358,0,0,-0.459459459459459,-17,0,0,1988,"Enclosed"
43,1996,0,0,0,1,17,0,0,0,0,0.654545454545455,0,0,0,11,0,25,0,3,0,0,0.722222222222222,39,59.8916561422553,24.221149215417,32.3447384039317,3,18,1.98690027376286,0.15552847130678,0,2,-0.181556521505809,-13.2858542368935,-0.051899930827761,-1.32588954449349,-0.271813279108832,-12.0734547270109,-0.434782608695652,-30,0,0,-0.292487327390316,-0.821389034235137,-0.0220987654320987,-0.00351465678120358,0,0,-0.513513513513513,-19,0,0,1999,"Enclosed"
43,2014,0,0,0,1,7,0,0,0,0,0.355555555555556,0,0,0,11,0,21,0,3,0,0,0.673076923076923,35,67.5433777760895,27.3812166842916,34.723040534463,3,8,0.816265903117443,0.191184857110861,0,2,-0.0769926794976711,-5.6341326030593,0.0717961068450464,1.83417792438108,-0.218269855504902,-9.69515259647971,-0.492753623188406,-34,0,0,-0.709336961547117,-1.99202340488056,0.202094421867111,0.0321417290228779,0,0,-0.783783783783784,-29,0,0,2014,"Enclosed"
46,1984,0,0,0,0,6,0,0,0,0,0.705882352941176,0,0,0,7,0,9,0,1,0,0,0.80952380952381,17,44.8535786028221,24.956497880852,18.5126397443953,3,6,0.316142395721558,0,0,1,0.00611054833737064,0.272415352974406,0.0590101649725048,1.39062598811153,-0.0182830070803833,-0.344770158777397,-0.32,-8,0,0,-0.565131667792032,-0.410841779273205,-1,-0.0490873852123405,0,0,-0.454545454545455,-5,-0.5,-1,1984,"Enclosed"
46,1988,0,0,0,0,3,0,0,0,0,0.428571428571429,0,0,0,7,0,6,0,0,0,0,0.684210526315789,13,26.0145666516269,24.8634478334434,0,2,3,0.102514095277452,0,0,1,-0.416467297951993,-18.5665965982207,0.0550616563906017,1.29757594070301,-1,-18.8574099031727,-0.48,-12,-0.333333333333333,-1,-0.85898717083052,-0.624470079717311,-1,-0.0490873852123405,0,0,-0.727272727272727,-8,-0.5,-1,1988,"Enclosed"
46,1996,0,0,0,0,3,0,0,0,0,0.428571428571429,0,0,0,7,0,6,0,0,0,0,0.684210526315789,13,28.0851118297916,26.3972715416964,0,2,3,0.136698550339326,0,0,1,-0.370022902444396,-16.496051420056,0.120148308615231,2.83139964895597,-1,-18.8574099031727,-0.48,-12,-0.333333333333333,-1,-0.811964888588791,-0.590285624655437,-1,-0.0490873852123405,0,0,-0.727272727272727,-8,-0.5,-1,1999,"Enclosed"
46,2014,0,0,0,0,2,0,0,0,0,0.307692307692308,0,0,0,6,0,2,0,0,0,0,0.484848484848485,8,27.5457409868703,27.5457409868703,0,2,2,0.11319896797589,0,0,1,-0.382121528940489,-17.0354222629773,0.168882743326629,3.9798690941299,-1,-18.8574099031727,-0.68,-17,-0.333333333333333,-1,-0.844289639486712,-0.613785207018873,-1,-0.0490873852123405,0,0,-0.818181818181818,-9,-0.5,-1,2014,"Enclosed"
47,1984,0,0,0,0,10,0,0,0,0,1,0,0,0,4,0,18,0,4,0,0,0.981132075471698,26,75.3009521236183,18.601095212548,52.6847051502417,3,10,0.645577655358618,0,0,1,0.0623452034789101,4.41914094112616,0.119554799741427,1.98637013000257,0.0534786022771889,2.67447709590916,-0.037037037037037,-1,0,0,-0.0967307692307693,-0.0691346733330604,0,0,0,0,0,0,0,0,1984,"Enclosed"
47,1988,0,0,0,0,8,0,0,0,0,0.888888888888889,0,0,0,3,0,15,0,3,0,0,0.875,21,64.2387368018897,18.4568764747941,42.099128338925,3,8,0.492837347531899,0,0,1,-0.0937204378638004,-6.64307438060239,0.110874623750711,1.84215139224872,-0.158189634864546,-7.91109971540755,-0.222222222222222,-6,0,0,-0.310439560439561,-0.221874981159779,0,0,0,0,-0.2,-2,0,0,1988,"Enclosed"
47,1996,0,0,0,0,6,0,0,0,0,0.75,0,0,0,3,0,11,0,3,0,0,0.772727272727273,17,66.5327866624032,19.4901462985598,43.3906174438616,3,6,0.48166505865757,0,0,1,-0.0613560015966845,-4.34902452008888,0.173064628016937,2.8754212160144,-0.132365135453475,-6.61961061047088,-0.37037037037037,-10,0,0,-0.326071428571429,-0.233047270034108,0,0,0,0,-0.4,-4,0,0,1999,"Enclosed"
47,2014,0,0,0,0,2,0,0,0,0,0.333333333333333,0,0,0,2,0,6,0,1,0,0,0.5,9,27.873601854101,8.19190406038129,16.3867928405796,3,2,0.239727120717833,0,0,1,-0.606759457904684,-43.0082093283911,-0.506949165894578,-8.42282102216412,-0.672331171480031,-33.6234352137529,-0.666666666666667,-18,0,0,-0.664582362589621,-0.474985207973845,0,0,0,0,-0.8,-8,0,0,2014,"Enclosed"
48,1984,0,0,0,3,17,0,0,0,0,0.80952380952381,0,0,0,10,0,20,0,3,0,0,0.888888888888889,33,71.624326606168,25.3364146074414,44.3775487759869,3,20,1.11296810239644,0.304989741801314,0,2,-0.0324145888594164,-2.39945029404146,-0.0395437290658726,-1.0431462056704,-0.0274827882960412,-1.25408451740487,-0.153846153846154,-6,0,0,-0.0158176198909609,-0.0178874431713769,-0.520586419753087,-0.331182770550619,-1,-0.0283528736986479,-0.0909090909090909,-2,-0.333333333333333,-1,1984,"Enclosed"
48,1988,0,0,0,3,17,0,0,0,0,0.80952380952381,0,0,0,10,0,19,0,2,0,0,0.885714285714286,31,43.2855900744613,25.5491396999976,16.8105444796345,3,20,1.25962157445683,0.31380583618545,0,2,-0.415247480106101,-30.7381868257482,-0.0314797171566802,-0.830421113114205,-0.631603270223752,-28.8210888137573,-0.205128205128205,-8,0,0,0.11386602771122,0.128766028889012,-0.506728395061728,-0.322366676166483,-1,-0.0283528736986479,-0.0909090909090909,-2,-0.333333333333333,-1,1988,"Enclosed"
48,1996,0,0,0,2,14,0,0,0,0,0.842105263157895,0,0,0,10,0,18,0,2,0,0,0.869565217391304,30,46.4854003669129,26.8709059041332,17.8167573366711,3,16,0.896846162783546,0.175025980713121,0,2,-0.372020689655172,-27.5383765332966,0.0186259769259396,0.49134509102144,-0.609552495697074,-27.8148759567206,-0.230769230769231,-9,0,0,-0.206931277563635,-0.23400938278427,-0.724876543209876,-0.461146531638812,-1,-0.0283528736986479,-0.272727272727273,-6,-0.333333333333333,-1,1999,"Enclosed"
48,2014,0,0,0,1,12,0,0,0,0,0.742857142857143,0,0,0,8,0,13,0,2,0,0,0.741935483870968,23,35.2589860261006,16.7506590894359,18.2916771154485,3,13,0.856601699727591,0.0680884765334986,0,2,-0.523680261902432,-38.7647908741089,-0.365013723764875,-9.62890172367592,-0.599144808211424,-27.3399561779432,-0.41025641025641,-16,0,0,-0.242518902538094,-0.274253845840225,-0.892971677946639,-0.568084035818434,-1,-0.0283528736986479,-0.409090909090909,-9,-0.333333333333333,-1,2014,"Enclosed"
49,1984,0,0,0,1,17,0,0,0,0,0.648648648648649,0,0,0,11,0,17,0,10,0,0,0.8,38,69.5811132840896,18.8080672635573,50.7730460205323,3,18,0.814143736177795,0.0962112750161874,0,2,0.0922290029280321,5.87550475551406,0.175898600540143,2.81343366596826,0.0641795958681428,3.0620710895458,-0.0952380952380952,-4,0,0,-0.184982800982801,-0.184784552893335,-0.821167883211679,-0.441786466911065,0,0,-0.0526315789473684,-1,0,0,1984,"Enclosed"
49,1988,0,0,0,1,17,0,0,0,0,0.648648648648649,0,0,0,11,0,17,0,10,0,0,0.8,38,73.8335534650346,19.362813621319,54.4707398437156,3,18,0.866961762666273,0.104634670318625,0,2,0.158980428417322,10.1279449364591,0.210581880677633,3.36818002372996,0.141681550681098,6.75976491272915,-0.0952380952380952,-4,0,0,-0.132108108108108,-0.131966526404856,-0.805510948905109,-0.433363071608627,0,0,-0.0526315789473684,-1,0,0,1988,"Enclosed"
49,1996,0,0,0,1,18,0,0,0,0,0.631578947368421,0,0,0,10,0,18,0,9,0,0,0.759493670886076,37,65.7601904890692,20.5438364745738,45.2163540144953,3,19,1.03965118384329,0.104634670318625,0,2,0.0322511943288642,2.05458196049364,0.284420574515099,4.54920287698478,-0.052286102308737,-2.49462091649114,-0.119047619047619,-5,0,0,0.0407665847665849,0.0407228947721578,-0.805510948905109,-0.433363071608627,0,0,0,0,0,0,1999,"Enclosed"
49,2014,0,0,0,1,12,0,0,0,0,0.75,0,0,0,8,0,13,0,8,0,0,0.76056338028169,29,70.460679587964,22.2835811521855,47.6182659047099,3,13,1.28646926624533,0.109866637096876,0,2,0.106035735556289,6.7550710593885,0.393191098515971,6.28894755459648,-0.00194313837457099,-0.0927090262765944,-0.30952380952381,-13,0,0,0.28784946859556,0.287540977174196,-0.79578606277546,-0.428131104830376,0,0,-0.315789473684211,-6,0,0,2014,"Enclosed"
50,1984,0,0,0,6,6,0,0,0,0,0.705882352941176,0,0,0,18,0,13,0,5,0,0,0.888888888888889,36,48.6402776728724,13.4804169969211,31.4728482677902,3,12,0.916873815950181,0.56786250709044,0,2,0.149953114845418,6.34265958310286,0.0852861207714195,1.05934504279048,0.160007960631061,4.34126871322531,-0.2,-9,0,0,-0.531164658634538,-1.03876761090947,-0.637581453634085,-0.999006828887469,0,0,-0.454545454545455,-10,0,0,1984,"Enclosed"
50,1988,0,0,0,5,6,0,0,0,0,0.666666666666667,0,0,0,14,0,13,0,4,0,0,0.815789473684211,31,48.045142214558,13.2789820029638,30.9730797814663,3,11,0.655709291666445,0.434816058210912,0,2,0.135882926376381,5.74752412478844,0.0690689219095795,0.857910048833118,0.14158778404979,3.84150022690143,-0.311111111111111,-14,0,0,-0.664708835341365,-1.2999321351932,-0.72249373433584,-1.132053277767,0,0,-0.5,-11,0,0,1988,"Enclosed"
50,1996,0,0,0,5,7,0,0,0,0,0.647058823529412,0,0,0,14,0,14,0,4,0,0,0.805194805194805,32,52.0760608435168,15.5491164894018,32.2527486440438,3,12,0.921134600986612,0.65091836286972,0,2,0.231181877263021,9.77844275374725,0.251833702181473,3.12804453527119,0.188753075698365,5.12116908947898,-0.288888888888889,-13,0,0,-0.5289859437751,-1.03450682587303,-0.584573934837093,-0.915950973108189,0,0,-0.454545454545455,-10,0,0,1999,"Enclosed"
50,2014,0,0,0,2,7,0,0,0,0,0.516129032258065,0,0,0,14,0,14,0,4,0,0,0.805194805194805,32,59.0824969445333,20.9781124666469,34.1360562527038,3,9,0.464334556029396,0.209487697405293,0,2,0.396827992042972,16.7848788547637,0.68891320685656,8.55704051251622,0.258166933629947,7.00447669813896,-0.288888888888889,-13,0,0,-0.762566618986477,-1.49130687083025,-0.866301744124345,-1.35738163857262,0,0,-0.590909090909091,-13,0,0,2014,"Enclosed"
52,1999,0,1,0,0,3,0,0,0,0,0.2,0,1,0,2,0,9,0,1,0,0,0.428571428571429,13,25.3776872809279,5.81104320125321,17.9075689993139,4,4,0.0752018741453057,0,0,2,-0.58844929151409,-36.2858860228142,-0.686156945917285,-12.7047185008416,-0.570528818986626,-23.7892194954566,-0.697674418604651,-30,0.333333333333333,1,-0.958527341635084,-1.73808613559855,-1,-0.168860605130451,0,0,-0.846153846153846,-22,0,0,1999,"Unenclosed"
52,2014,NA,NA,NA,NA,NA,NA,NA,NA,NA,NA,0,0,0,2,0,4,0,1,0,0,0.28,7,28.0289231518273,7.61044009778362,18.8725912481631,3,NA,NA,NA,NA,NA,-0.545454120640032,-33.6346501519148,-0.588975046221156,-10.9053216043112,-0.547385016221812,-22.8241972466074,-0.837209302325581,-36,0,0,NA,NA,NA,NA,NA,NA,NA,NA,NA,NA,2014,"Unenclosed"
53,1999,0,0,0,0,10,0,0,0,0,0.454545454545455,0,0,0,0,0,16,0,2,0,0,0.492753623188406,18,29.0357577667679,0,27.2122006760376,2,10,0.601300833897086,0,0,1,-0.394042370103262,-18.8813841821104,-1,-30.2633547311122,0.918208996539792,13.0259463496712,-0.647058823529412,-33,-0.333333333333333,-1,-0.528317289179823,-0.673498560067397,0,0,0,0,-0.705882352941177,-24,0,0,1999,"Unenclosed"
53,2014,0,0,0,0,8,0,0,0,0,0.380952380952381,0,0,0,0,0,16,0,2,0,0,0.492753623188406,18,31.9555270949017,0,28.0552366877973,2,8,0.506411100449477,0,0,1,-0.333108658087449,-15.9616148539767,-1,-30.2633547311122,0.977635254688346,13.8689823614309,-0.647058823529412,-33,-0.333333333333333,-1,-0.602752320994917,-0.768388293515006,0,0,0,0,-0.764705882352941,-26,0,0,2014,"Unenclosed"
54,1999,0,0,0,0,10,0,0,0,0,0.888888888888889,0,0,0,0,0,17,0,2,0,0,0.904761904761905,19,25.9367729635424,0,22.9783940665191,2,10,0.399257156363093,0,0,1,-0.536134775432805,-29.9776857841304,-1,-33.1830724035422,0.194163265306122,3.73613906328166,-0.173913043478261,-4,-0.333333333333333,-1,-0.366542056074766,-0.231024869763359,0,0,0,0,0.25,2,0,0,1999,"Unenclosed"
54,2014,0,0,0,0,3,0,0,0,0,0.545454545454545,0,0,0,0,0,12,0,2,0,0,0.756756756756757,14,30.2008914190702,0,25.8597415668303,2,3,0.0327262310767293,0,0,1,-0.459873311921719,-25.7135673286027,-1,-33.1830724035422,0.343903901204898,6.61748656359283,-0.391304347826087,-9,-0.333333333333333,-1,-0.948076845411798,-0.597555795049723,0,0,0,0,-0.625,-5,0,0,2014,"Unenclosed"
55,1999,0,0,0,0,5,0,0,0,0,0.333333333333333,0,0,0,0,0,13,0,2,0,0,0.517241379310345,15,43.9701627486326,0,38.4799939670354,2,5,0.182094564183698,0,0,1,-0.277688610779602,-16.9040854008951,-1,-16.1968736246639,-0.0377246391043897,-1.50855352234565,-0.651162790697674,-28,-0.333333333333333,-1,-0.911083413231064,-1.86583114687515,0,0,0,0,-0.8,-20,0,0,1999,"Unenclosed"
55,2014,0,0,0,0,4,0,0,0,0,0.275862068965517,0,0,0,0,0,12,0,2,0,0,0.491228070175439,14,49.1283003212061,0,42.0947455218839,2,4,0.316171245864007,0,0,1,-0.192954298170051,-11.7459478283217,-1,-16.1968736246639,0.0526700309147796,2.10619803250283,-0.674418604651163,-29,-0.333333333333333,-1,-0.845613908670283,-1.73175446519484,0,0,0,0,-0.84,-21,0,0,2014,"Unenclosed"
56,1999,0,0,1,0,1,0,0,0,0,0.105263157894737,0,0,1,0,0,2,0,1,0,0,0.171428571428571,4,22.0367016686056,0,20.7499053176952,3,2,0.0163362817986669,0,0,2,-0.57804346191443,-30.1883492065077,-1,-31.7457937645249,0.221856862064979,3.7676335296339,-0.870967741935484,-27,0,0,-0.989690210656753,-1.56820451285568,0,0,0,0,-0.882352941176471,-15,1,1,1999,"Unenclosed"
56,2014,0,0,2,0,3,0,0,0,0,0.272727272727273,0,0,2,0,0,4,0,1,0,0,0.263157894736842,7,24.5235709000098,0,22.7281041017653,3,5,0.411117128875748,0,0,2,-0.530425141017986,-27.7014799751035,-1,-31.7457937645249,0.338342972330905,5.74583231370395,-0.774193548387097,-24,0,0,-0.740544938784344,-1.1734236657786,0,0,0,0,-0.705882352941177,-12,1,1,2014,"Unenclosed"
57,1999,0,0,0,0,3,0,0,0,0,0.75,0,0,0,2,0,8,0,0,0,0,0.740740740740741,10,18.7571145577069,15.993239515849,0,2,3,0.0611825169286612,0,0,1,-0.378631455704436,-11.429663852474,0.267749416342412,3.37778151627749,-1,-14.5220120412188,-0.411764705882353,-7,-0.333333333333333,-1,-0.792266666666667,-0.233341794345382,0,0,0,0,-0.4,-2,0,0,1999,"Unenclosed"
57,2014,0,0,0,0,2,0,0,0,0,0.571428571428571,0,0,0,2,0,6,0,0,0,0,0.64,8,20.6252373545334,17.8906572423704,0,2,2,0.153783448737457,0,0,1,-0.316745991431228,-9.56154105564755,0.41815360512302,5.27519924279886,-1,-14.5220120412188,-0.529411764705882,-9,-0.333333333333333,-1,-0.477858217977913,-0.140740862536586,0,0,0,0,-0.6,-3,0,0,2014,"Unenclosed"
58,1999,0,0,0,0,4,0,0,0,0,0.888888888888889,0,0,0,0,0,6,0,0,0,0,0.631578947368421,6,1.07414979817052,0,0,1,4,0.150384113336526,0,0,1,-0.963806814422759,-28.6040833012106,-1,-27.7716790577338,0,0,-0.538461538461538,-7,-0.5,-1,-0.688658536585366,-0.332635757152904,0,0,0,0,-0.2,-1,0,0,1999,"Unenclosed"
58,2014,NA,NA,NA,NA,NA,NA,NA,NA,NA,NA,0,0,0,0,0,3,0,0,0,0,0.375,3,2.00838643843951,0,0,1,NA,NA,NA,NA,NA,-0.932327964683268,-27.6698466609416,-1,-27.7716790577338,0,0,-0.769230769230769,-10,-0.5,-1,NA,NA,NA,NA,NA,NA,NA,NA,NA,NA,2014,"Unenclosed"
60,1999,0,0,3,0,1,0,0,0,0,0.133333333333333,0,0,3,0,0,2,0,1,0,0,0.1875,6,15.9937303897011,0,15.3785869131742,3,4,0.108600931043782,0,0,2,-0.583603925978939,-22.4161667912511,-1,-20.3575203952619,0.0589845862628448,0.856574871955342,-0.769230769230769,-20,0,0,-0.848257887517147,-0.607093145352143,0,0,0,0,-0.636363636363636,-7,1,1,1999,"Unenclosed"
60,2014,0,0,3,0,1,0,0,0,0,0.133333333333333,0,0,4,0,0,2,0,0,0,0,0.125,6,1.2931339623784,0,0,2,4,0.255294491284157,0,0,2,-0.966333313617416,-37.1167632185738,-1,-20.3575203952619,-1,-14.5220120412188,-0.769230769230769,-20,-0.333333333333333,-1,-0.64329103774372,-0.460399585111768,0,0,0,0,-0.636363636363636,-7,1,1,2014,"Unenclosed"
61,1999,0,0,0,0,6,0,0,0,0,0.5,0,0,0,4,0,10,0,3,0,0,0.566666666666667,17,30.4284846949665,18.1227091912226,10.8670438781243,3,6,0.12911945806254,0,0,1,-0.46098918298494,-26.0239717946336,-0.617876128177528,-29.3035589055323,1.14184984520124,5.79337174257677,-0.604651162790698,-26,0,0,-0.900851865812288,-1.17316887162085,0,0,0,0,-0.666666666666667,-12,0,0,1999,"Unenclosed"
61,2014,0,0,1,0,2,0,0,0,0,0.19047619047619,0,0,1,4,0,6,0,3,0,0,0.456140350877193,14,42.3994215902024,24.691397300634,15.8580468968328,4,3,0.182033472588645,0,0,2,-0.248935755381816,-14.0530348993977,-0.479372965836975,-22.7348707961209,2.12555610082233,10.7843747612853,-0.674418604651163,-29,0.333333333333333,1,-0.860220299576131,-1.12025485709475,0,0,0,0,-0.833333333333333,-15,1,1,2014,"Unenclosed"
62,1999,0,0,1,0,0,0,0,0,0,0,0,0,1,0,0,2,0,3,0,0,0.294117647058823,6,19.9176581538511,0,19.1231297368042,3,1,0.000176714586764426,0,0,1,-0.100072746628815,-2.21486209068897,-1,-11.2822446172043,1.12928071709663,10.1421017383544,-0.785714285714286,-22,0,0,-0.999876712328767,-1.43317493361358,0,0,0,0,-0.9375,-15,0,0,1999,"Unenclosed"
62,2014,0,0,4,0,0,0,0,0,0,0,0,0,4,0,0,2,0,3,0,0,0.27027027027027,9,25.9095304986944,0,24.7967889367553,3,4,0.0690831908266748,0,0,1,0.170654322798421,3.77701025415433,-1,-11.2822446172043,1.76101899927663,15.8157609383055,-0.678571428571429,-19,0,0,-0.951803040856434,-1.36426845737367,0,0,0,0,-0.75,-12,0,0,2014,"Unenclosed"
63,1999,0,0,0,0,4,0,0,0,0,0.242424242424242,0,0,0,1,0,11,0,2,0,0,0.482758620689655,14,43.2386821691524,9.62112750161874,31.2988236697354,3,4,0.515260465096896,0,0,1,-0.269494198920228,-15.9513777937399,-0.625038261401898,-16.0378304965759,0.0210161892103959,0.644242478480848,-0.681818181818182,-30,0,0,-0.777845502645503,-1.80411848618619,-1,-0.0314159265358979,0,0,-0.862068965517241,-25,-0.5,-1,1999,"Unenclosed"
63,2014,0,0,1,0,2,0,0,0,0,0.125,0,0,1,1,0,10,0,1,0,0,0.421052631578947,13,38.2566350088873,10.5241195130484,22.9979057232241,4,3,0.306771159690372,0,0,2,-0.353664533658669,-20.933424954005,-0.58984618495463,-15.1348384851462,-0.249772633338564,-7.65667546803047,-0.704545454545455,-31,0.333333333333333,1,-0.867735645561211,-2.01260779159272,-1,-0.0314159265358979,0,0,-0.896551724137931,-26,0,0,2014,"Unenclosed"
64,1999,0,0,0,0,3,0,0,0,0,0.206896551724138,0,0,0,4,0,7,0,2,0,0,0.464285714285714,13,29.5603448350551,15.6256928103331,12.3295337981867,3,3,0.310408989128756,0,0,1,-0.475999458421117,-26.8524686822475,-0.645874791301036,-28.4990755667643,0.169725702044428,1.7889995715408,-0.697674418604651,-30,0,0,-0.823953229398664,-1.45280988769851,0,0,0,0,-0.884615384615385,-23,0,0,1999,"Unenclosed"
64,2014,0,0,1,0,1,0,0,1,0,0.0689655172413793,0,0,1,4,0,4,0,2,1,0,0.363636363636364,12,35.3264283127153,18.3584241361893,14.2954940928072,5,3,0.165172989372443,0,0,3,-0.373787157382601,-21.0863852045873,-0.583942878083908,-25.7663442409081,0.35623999556578,3.75495986616128,-0.720930232558139,-31,0.666666666666667,2,-0.906323037064091,-1.59804588745483,0,0,0,0,-0.884615384615385,-23,2,2,2014,"Unenclosed"
65,1999,0,0,0,0,6,0,0,0,0,0.203389830508475,0,0,0,1,0,8,0,1,0,0,0.256410256410256,10,3.92316200094068,0.985203456165759,2.39155704249931,3,6,0.545282309892763,0,0,1,-0.883284654477481,-29.6899158970616,-0.966825785123967,-28.7126645973003,1.3024763705104,1.35286797140619,-0.852941176470588,-58,0,0,-0.867992869875223,-3.58542115572569,-1,-0.0314159265358979,0,0,-0.886792452830189,-47,-0.5,-1,1999,"Unenclosed"
65,2014,0,0,0,0,4,0,0,0,0,0.140350877192982,0,0,0,1,0,7,0,0,0,0,0.210526315789474,8,3.07790703961201,1.22594107116499,0,2,4,0.458415984225626,0,0,1,-0.908431264493189,-30.5351708583903,-0.958719559634453,-28.471926982301,-1,-1.03868907109313,-0.882352941176471,-60,-0.333333333333333,-1,-0.889022296555245,-3.67228748139283,-1,-0.0314159265358979,0,0,-0.924528301886792,-49,-0.5,-1,2014,"Unenclosed"
66,1999,0,2,0,0,1,0,0,0,0,0.0714285714285714,0,2,0,3,0,3,0,1,0,0,0.264150943396226,9,16.1772190356249,3.66156550766707,12.0379743649795,4,3,0.0273514910403161,0,0,2,-0.782094948426342,-58.0625423595189,-0.750091128383811,-10.9900372305123,-0.787858477508651,-44.7070429404862,-0.795454545454545,-35,0.333333333333333,1,-0.985440292657434,-1.85122274103596,-1,-0.0176714586764426,0,0,-0.88,-22,0,0,1999,"Unenclosed"
66,2014,0,0,0,0,1,0,0,0,0,0.0769230769230769,0,1,0,3,0,2,0,1,0,0,0.235294117647059,7,19.6176373208142,4.52318356732837,13.9708199017146,4,1,0.00974823848562149,0,0,1,-0.735752958358815,-54.6221240743296,-0.691284042561311,-10.128419170851,-0.753796534654173,-42.7741974037511,-0.840909090909091,-37,0.333333333333333,1,-0.994810831363929,-1.86882599359065,-1,-0.0176714586764426,0,0,-0.96,-24,-0.5,-1,2014,"Unenclosed"
67,1999,0,0,0,0,5,0,0,0,0,0.769230769230769,0,0,0,3,0,14,0,2,0,0,0.923076923076923,19,28.4902791073343,13.2449153576264,11.2692855475083,3,5,0.235050035350771,0,0,1,1.60549111151015,17.5555731774333,1.21239094785175,7.25821785712935,1.79697855750487,7.24019296927937,-0.05,-1,-0.25,-1,-0.516323232323232,-0.2509150782514,-1,-0.0706858347057703,0,0,-0.375,-3,-0.5,-1,1999,"Unenclosed"
67,2014,0,0,0,0,1,0,0,0,0,0.222222222222222,0,0,0,3,0,8,0,2,0,0,0.787878787878788,13,34.5731302464871,14.3192211903525,15.5311853424577,3,1,0.14502994435751,0,0,1,2.16177960963238,23.6384243165862,1.39183977295723,8.33252368985544,2.85476010811467,11.5020927642288,-0.35,-7,-0.25,-1,-0.701563054017418,-0.340935169244661,-1,-0.0706858347057703,0,0,-0.875,-7,-0.5,-1,2014,"Unenclosed"
