Block,Year,A_BA,B_BA,Cr_BA,F_BA,Fr_BA,I_BA,PM_BA,Q_BA,Sc_BA,T_BA,Sor_BA,AM,BM,CrM,FM,FrM,IM,PMM,Q.y,Sc.y,T.y,Sorensen.y,SDM,BAM,BAFM,BAQM,SPRM,LightM,MoistM,NitM,Northing,Easting
1,1964,0,9.6191640062,0,0,0,0,0,15.3820230301,0,0,1,0,3,0,3,0,0,0,5,0,0,1,11,25.0011870363,0,15.3820230301,3,5,2.7694965837,1,106909,433056
1,1984,0,11.5752963069,0,0,0,0,0,17.6174625527,0,0,0.9226560872,0,3,0,0,0,0,0,5,0,0,0.8421052632,8,29.1927588596,0,17.6174625527,2,5,2.7930251719,1,106909,433056
1,1988,0,8.953872857,0,0,0,0,0,8.1722642397,0,0,0.8130655079,0,2,0,0,0,0,0,4,0,0,0.7058823529,6,17.1261370966,0,8.1722642397,2,5,3.0456383487,1,106909,433056
1,1996,0,8.6584846077,0,0,0,0,0,6.9093636279,0,0,0.7674744115,0,2,0,0,0,0,0,3,0,0,0.625,5,15.5678482356,0,6.9093636279,2,5,3.112354704,1,106909,433056
1,2014,0,9.6591632991,0,0,0,0,0,7.8903052123,0,0,0.8229940993,0,2,0,0,0,0,0,3,0,0,0.625,5,17.5494685114,0,7.8903052123,2,5,3.100792687,1,106909,433056
2,1964,0,7.2767139839,0,14.6417852611,0,0.5026548246,0,12.8824933751,0,0,1,5,2,0,3,0,1,0,1,0,0,1,12,35.3036474447,14.6417852611,12.8824933751,5,3.3125695217,2.4122358176,1.4289766407,106885,433058
2,1984,0,7.8114130535,0,21.423286068,0,0.3166921744,0,13.986684653,0,0,0.8908401106,0,2,0,4,0,2,0,1,0,0,0.6666666667,9,43.538075949,21.423286068,13.986684653,4,3.0172176482,2.3588313394,1.4993325444,106885,433058
2,1988,0,8.2194470344,0,22.1141026576,0,0.2596722678,0,14.0862927751,0,0,0.8767011439,0,2,0,4,0,2,0,1,0,0,0.6666666667,9,44.6795147349,22.1141026576,14.0862927751,4,3.0085783005,2.3679291095,1.5007613681,106885,433058
2,1996,0,0,0,23.2408348628,0,0.3525652355,0,13.986684653,0,0,0.7649675183,0,0,0,4,0,3,0,1,0,0,0.5,8,37.5800847514,23.2408348628,13.986684653,3,2.5074971081,2,1.627816575,106885,433058
2,2014,0,0,0,30.0928174348,0,1.2040066305,0,14.7186494629,0,0,0.6893073394,0,0,0,4,0,3,0,1,0,0,0.5,8,46.0154735281,30.0928174348,14.7186494629,3,2.3317826899,2,1.6801369554,106885,433058
3,1964,0,0,0,10.4634670319,0,1.3685562997,0,37.0393773858,0,0,1,17,0,0,23,0,22,0,5,0,0,1,67,48.8714007174,10.4634670319,37.0393773858,4,4.0875853757,2,1.2421052632,106868,433049
3,1984,0,0,0,13.986684653,0,0.5410607948,0,38.467604311,0,0,0.9432696142,0,0,0,1,0,3,0,5,0,0,0.2368421053,9,52.9953497588,13.986684653,38.467604311,3,3.9238893514,2,1.2741324572,106868,433049
3,1988,0,0,0,14.1862543264,0,0,0,38.1913797769,0,0,0.9383367358,0,0,0,1,0,2,0,5,0,0,0.2133333333,8,52.3776341033,14.1862543264,38.1913797769,3,3.9166174021,2,1.2708456495,106868,433049
3,1996,0,0,0,13.986684653,0,0.2042820623,0,29.3946650925,0,0,0.8666169158,0,0,0,1,0,4,0,4,0,0,0.2368421053,9,43.5856318078,13.986684653,29.3946650925,3,3.7070210893,2,1.3255881842,106868,433049
3,2014,0,0,0,15.0451161608,0,0.9338915388,0,17.3258080138,0,0,0.6990627661,0,0,0,1,0,5,1,2,0,0,0.2105263158,9,33.3048157135,15.0451161608,17.3258080138,4,NA,NA,NA,106868,433049
4,1964,0,0,0,37.4674193849,0,1.941896959,0,33.7780115123,0,0,1,10,0,0,7,0,8,0,5,0,0,1,30,73.1873278562,37.4674193849,33.7780115123,4,2.8991790524,2,1.5384718571,106848,433053
4,1984,0,0,0,42.4273855013,0,0.5607939236,0,25.9651258372,0,0,0.9004228804,0,0,0,4,0,3,0,3,0,0,0.5,10,68.9533052622,42.4273855013,25.9651258372,3,2.5225099188,2,1.6234389963,106848,433053
4,1988,0,0,0,42.0467619164,0,0,0,23.1162314442,0,0,0.875800653,0,0,0,4,0,2,0,2,0,0,0.4210526316,8,65.1629933606,42.0467619164,23.1162314442,3,2.4189791016,2,1.6452552246,106848,433053
4,1996,0,0,0,32.9315486417,0,0,0,24.6332672667,0,0,0.88051812,0,0,0,3,0,1,0,2,0,0,0.3333333333,6,57.5648159084,32.9315486417,24.6332672667,3,2.7116891197,2,1.5720777201,106848,433053
4,2014,0,0,0,4.7181482875,0,0,0,29.7691363285,0,0,0.6405833989,0,0,0,1,0,0,0,2,0,0,0.1818181818,3,34.487284616,4.7181482875,29.7691363285,2,4.4527666251,2,1.1368083437,106848,433053
5,1964,0,0,0,14.1725098585,0,0,0,12.8824933751,0,0,1,5,0,0,2,0,5,0,1,0,0,1,13,27.0550032336,14.1725098585,12.8824933751,4,2.9046374918,2,1.523840627,106828,433045
5,1984,0,0,0,16.8080115706,0,0,0,14.1862543264,0,0,0.9321393237,0,0,0,2,0,0,0,1,0,0,0.375,3,30.9942658969,16.8080115706,14.1862543264,2,2.8308230785,2,1.5422942304,106828,433045
5,1988,0,0,0,16.725721478,0,0,0,14.0862927751,0,0,0.935075088,0,0,0,2,0,0,0,1,0,0,0.375,3,30.8120142531,16.725721478,14.0862927751,2,2.8286753549,2,1.5428311613,106828,433045
5,1996,0,0,0,7.3301406939,0,0,0,0,0,0,0.4263550974,0,0,0,1,0,0,0,0,0,0,0.1428571429,1,7.3301406939,7.3301406939,0,1,1,2,2,106828,433045
5,2014,0,0,0,8.6070993234,0,0,0,0,0,0,0.482702853,0,0,0,1,0,0,0,0,0,0,0.1428571429,1,8.6070993234,8.6070993234,0,1,1,2,2,106828,433045
6,1964,0,0,0,37.165041092,0,0,0,0,0,0,1,2,0,0,7,0,21,0,0,0,0,1,30,37.165041092,37.165041092,0,3,1,2,2,106804,433046
6,1984,0,0,0,41.8000879882,0,0,0,0,0,0,0.941302611,0,0,0,5,0,0,0,0,0,0,0.2857142857,5,41.8000879882,41.8000879882,0,1,1,2,2,106804,433046
6,1988,0,0,0,41.9374933969,0,0,0,0,0,0,0.9396675172,0,0,0,5,0,0,0,0,0,0,0.2857142857,5,41.9374933969,41.9374933969,0,1,1,2,2,106804,433046
6,1996,0,0,0,43.6863394873,0,0,0,0,0,0,0.9193421516,0,0,0,5,0,0,0,0,0,0,0.2857142857,5,43.6863394873,43.6863394873,0,1,1,2,2,106804,433046
6,2014,0,0,0,47.6725256168,0,0,0,0,0,0,0.8761458522,0,0,0,5,0,1,0,0,0,0,0.3333333333,6,47.6725256168,47.6725256168,0,2,1,2,2,106804,433046
7,1964,0,0,0,38.1919491906,0,0,0,7.7931132763,0,0,1,0,0,0,3,0,5,0,1,0,0,1,9,45.9850624669,38.1919491906,7.7931132763,3,1.677882152,2,1.830529462,106786,433045
7,1984,0,0,0,7.1157859002,0,0,0,0,0,0,0.2680102529,0,0,0,1,0,0,0,0,0,0,0.2,1,7.1157859002,7.1157859002,0,1,1,2,2,106786,433045
7,1988,0,0,0,6.673704909,0,0,0,0,0,0,0.2534698491,0,0,0,1,0,0,0,0,0,0,0.2,1,6.673704909,6.673704909,0,1,1,2,2,106786,433045
8,1964,0,0,0,36.5838464511,0,1.4981469967,0,23.5089305259,0,0,1,0,0,0,2,0,7,0,3,0,0,1,12,61.5909239736,36.5838464511,23.5089305259,3,2.5754271869,2,1.6183052793,106773,433044
8,1984,0,0,0,0,0,0.678210949,0,28.4615138996,0,0,0.5331636396,0,0,0,0,0,2,0,3,0,0,0.5882352941,5,29.1397248486,0,28.4615138996,2,4.9534511082,2,1.0232744459,106773,433044
8,1988,0,0,0,0,0,0.8512341644,0,30.3569349223,0,0,0.5250086803,0,0,0,0,0,2,0,3,0,0,0.5882352941,5,31.2081690867,0,30.3569349223,2,4.9454479907,2,1.0272760046,106773,433044
8,1996,0,0,0,0,0,1.1498425462,0,34.4473670971,0,0,0.5074441118,0,0,0,0,0,2,0,3,0,0,0.5882352941,5,35.5972096432,0,34.4473670971,2,4.9353970405,2,1.0323014797,106773,433044
8,2014,0,0,0,0,0,1.8353054682,0,16.9241884965,0,0,0.4585498362,0,0,0,0,0,2,0,2,0,0,0.5,4,18.7594939647,0,16.9241884965,2,4.8043331583,2,1.0978334209,106773,433044
9,1964,0,0,0,26.7899313535,0,0.8659014751,0,8.7375545678,0,0,1,0,0,0,13,0,6,0,2,0,0,1,21,36.3933873964,26.7899313535,8.7375545678,3,2.0079309415,2,1.7599136768,106752,433047
9,1984,0,0,0,30.9144694435,0,0.2419222693,0,4.1909631397,0,0,0.8704347288,0,0,0,11,0,1,0,1,0,0,0.7647058824,13,35.3473548525,30.9144694435,4.1909631397,3,1.4879487353,2,1.8814348865,106752,433047
9,1988,0,0,0,31.2628131639,0,0.2375829444,0,4.7143524758,0,0,0.8743336086,0,0,0,11,0,1,0,1,0,0,0.7647058824,13,36.2147485842,31.2628131639,4.7143524758,3,1.5338315617,2,1.8698223055,106752,433047
9,1996,0,0,0,22.7072942555,0,0.3166921744,0,5.1471854036,0,0,0.8726512554,0,0,0,10,0,1,0,1,0,0,0.7272727273,12,28.1711718335,22.7072942555,5.1471854036,3,1.7533277667,2,1.8172889139,106752,433047
9,2014,0,0,0,28.6370484177,0,0.477663502,0,6.8088476533,0,0,0.9424192789,0,0,0,10,0,1,0,1,0,0,0.7272727273,12,35.9235595731,28.6370484177,6.8088476533,3,1.784741767,2,1.8104628903,106752,433047
10,1964,0,0,0,32.1640182865,0,0.331830724,0,0,0,0,1,0,0,0,3,0,5,0,0,0,0,1,8,32.4958490106,32.1640182865,0,2,1.0204229607,2,2,106730,433046
10,1984,0,0,0,18.2466842913,0,0,0,0,0,0,0.7191869662,0,0,0,1,0,1,0,0,0,0,0.4,2,18.2466842913,18.2466842913,0,2,1,2,2,106730,433046
10,1988,0,0,0,18.780519423,0,0,0,0,0,0,0.7325214323,0,0,0,1,0,0,0,0,0,0,0.2222222222,1,18.780519423,18.780519423,0,1,1,2,2,106730,433046
10,1996,0,0,0,19.3610268405,0,0,0,0,0,0,0.746710114,0,0,0,1,0,0,0,0,0,0,0.2222222222,1,19.3610268405,19.3610268405,0,1,1,2,2,106730,433046
10,2014,0,0,0,20.8843103675,0,0,0,0,0,0,0.7824746352,0,0,0,1,0,0,0,0,0,0,0.2222222222,1,20.8843103675,20.8843103675,0,1,1,2,2,106730,433046
11,1964,0,0,0,16.7682507885,0,1.1839877313,0,27.6401248654,0,0,1,0,0,0,13,0,15,0,3,0,0,1,31,45.5923633852,16.7682507885,27.6401248654,3,3.4769164513,2,1.3937553833,106707,433044
11,1984,0,0,0,13.3320552839,0,0.4125892902,0,13.6572101235,0,0,0.7507952114,0,0,0,10,0,5,0,1,0,0,0.6808510638,16,27.4018546975,13.3320552839,13.6572101235,3,3.0237323235,2,1.5015954112,106707,433044
11,1988,0,0,0,14.0436456548,0,0,0,13.5591335278,0,0,0.7542243437,0,0,0,10,0,6,0,1,0,0,0.7083333333,17,27.6027791827,14.0436456548,13.5591335278,3,2.9648939606,2,1.5087765099,106707,433044
11,1996,0,0,0,6.6997212231,0,0.2419222693,0,14.6235051189,0,0,0.6422259542,0,0,0,7,0,4,0,1,0,0,0.5581395349,12,21.5651486113,6.6997212231,14.6235051189,3,3.7348693986,2,1.3218917531,106707,433044
11,2014,0,0,0,10.3290578652,0,0.4394663134,0,16.5011855002,0,0,0.7485296131,0,0,0,7,0,3,0,1,0,0,0.5238095238,11,27.2697096788,10.3290578652,16.5011855002,3,3.4526727793,2,1.3948895791,106707,433044
12,1964,0,0,0,29.4288691825,0,0.9621127502,0,5.9395736107,0,0,1,0,0,0,12,0,17,0,1,0,0,1,30,36.3305555434,29.4288691825,5.9395736107,3,1.7069123926,2,1.8365129979,106687,433042
12,1984,0,0,0,31.5930730917,0,0.88950269,0,6.9512646199,0,0,0.9571235943,0,0,0,9,0,10,0,1,0,0,0.8,20,39.4338404015,31.5930730917,6.9512646199,3,1.7502202058,2,1.8237233668,106687,433042
12,1988,0,0,0,30.7097161423,0,0.2507187287,0,6.4242428173,0,0,0.9663989371,0,0,0,8,0,9,0,1,0,0,0.75,18,37.3846776884,30.7097161423,6.4242428173,3,1.7007793125,2,1.8281584003,106687,433042
12,1996,0,0,0,34.107859106,0,0,0,7.3301406939,0,0,0.9095820962,0,0,0,8,0,4,0,1,0,0,0.6046511628,13,41.4379997999,34.107859106,7.3301406939,3,1.7075766909,2,1.8231058273,106687,433042
12,2014,0,0,0,42.1972475288,0,0.6609408504,0,7.6036764704,0,0,0.830242629,0,0,0,8,0,3,0,1,0,0,0.5714285714,12,50.4618648496,42.1972475288,7.6036764704,3,1.6289222104,2,1.8493183616,106687,433042
13,1964,0,0,0,30.5686782671,0,0.2375829444,0,11.3411494795,0,0,1,0,0,0,19,0,4,0,1,0,0,1,24,42.147410691,30.5686782671,11.3411494795,3,2.0876056929,2,1.7309170529,106666,433035
13,1984,0,0,0,28.0325883276,0,0.5164974672,0,11.641564277,0,0,0.9621630722,0,0,0,9,0,2,0,1,0,0,0.6666666667,12,40.1906500718,28.0325883276,11.641564277,3,2.1843364553,2,1.7103414785,106666,433035
13,1988,0,0,0,27.2576359598,0,0,0,11.2517908034,0,0,0.9548955297,0,0,0,7,0,0,0,1,0,0,0.5,8,38.5094267632,27.2576359598,11.2517908034,2,2.1687310614,2,1.7078172347,106666,433035
13,1996,0,0,0,22.0577699743,0,0,0,11.8541911947,0,0,0.8782328499,0,0,0,6,0,0,0,1,0,0,0.4516129032,7,33.9119611691,22.0577699743,11.8541911947,2,2.3982312772,2,1.6504421807,106666,433035
13,2014,0,0,0,30.1214655891,0,0,0,12.186544709,0,0,0.981881674,0,0,0,6,0,0,0,1,0,0,0.4516129032,7,42.3080102981,30.1214655891,12.186544709,2,2.152173749,2,1.7119565628,106666,433035
14,1964,0,0,0,20.4031716635,0,0.2375829444,0,16.8487541003,0,0,1,0,0,0,23,0,2,0,2,0,0,1,27,37.4895087082,20.4031716635,16.8487541003,3,2.8103780132,2,1.5505741558,106647,433038
14,1984,0,0,0,24.4628555002,0,0.6104507225,0,19.2523080997,0,0,0.9164444743,0,0,0,14,0,2,0,2,0,0,0.8,18,44.3256143224,24.4628555002,19.2523080997,3,2.7648967767,2,1.5656617873,106647,433038
14,1988,0,0,0,22.9834206148,0,0.2827433388,0,19.7544131456,0,0,0.9312996833,0,0,0,12,0,1,0,2,0,0,0.7142857143,15,43.0205770992,22.9834206148,19.7544131456,3,2.8498854415,2,1.5408147803,106647,433038
14,1996,0,0,0,19.7102737688,0,0.4417864669,0,19.9702405609,0,0,0.9482219535,0,0,0,9,0,1,0,2,0,0,0.6153846154,12,40.1223007966,19.7102737688,19.9702405609,3,3.0129587181,2,1.5022658182,106647,433038
14,2014,0,0,0,26.5542065323,0,0.7043104909,0,20.8799326284,0,0,0.8756371033,0,0,0,10,0,3,0,2,0,0,0.6666666667,15,48.1384496516,26.5542065323,20.8799326284,3,2.7642519049,2,1.5662524909,106647,433038
15,1964,0,0,0,22.0132378985,0,0,0,37.1120267159,0,0,1,0,0,0,10,0,9,0,2,0,0,1,21,59.1252646144,22.0132378985,37.1120267159,3,3.510738985,2,1.3723152538,106624,433036
15,1984,0,0,0,20.3307383179,0,0.7336796943,0,37.5499843668,0,0,0.975758918,0,0,0,5,0,10,0,2,0,0,0.8421052632,17,58.614402379,20.3307383179,37.5499843668,3,3.5875431754,2,1.3593727336,106624,433036
15,1988,0,0,0,1.8444683168,0,0.6607751098,0,38.2203806041,0,0,0.7802934067,0,0,0,2,0,7,0,2,0,0,0.6875,11,40.7256240308,1.8444683168,38.2203806041,3,4.7863894368,2,1.0615151636,106624,433036
15,1996,0,0,0,1.4741138129,0,0.6138672045,0,39.1459134348,0,0,0.7689610174,0,0,0,1,0,5,0,2,0,0,0.5517241379,8,41.2338944522,1.4741138129,39.1459134348,3,4.827224914,2,1.0506374924,106624,433036
15,2014,0,0,0,1.6838593521,0,1.0633534365,0,40.9526300651,0,0,0.7545994752,0,0,0,1,0,2,0,2,0,0,0.3846153846,5,43.6998428536,1.6838593521,40.9526300651,3,4.7972042071,2,1.0628655073,106624,433036
16,1964,0,0,0,39.9954197233,0,1.0804133485,0,0,0,0,1,0,0,0,11,0,11,0,0,0,0,1,22,41.0758330718,39.9954197233,0,2,1.0526057912,2,2,106602,433034
16,1984,0,0,0,14.4143732229,0,0.8549844407,0,0,0,0,0.5419932904,0,0,0,6,0,6,0,0,0,0,0.7058823529,12,15.2693576636,14.4143732229,0,2,1.1119869558,2,2,106602,433034
16,1988,0,0,0,15.7856784162,0,1.0078229233,0,0,0,0,0.5803937961,0,0,0,6,0,2,0,0,0,0,0.5333333333,8,16.7935013395,15.7856784162,0,2,1.1200253482,2,2,106602,433034
16,1996,0,0,0,18.1219041581,0,0.4963912742,0,0,0,0,0.6237898399,0,0,0,5,0,1,0,0,0,0,0.4285714286,6,18.6182954323,18.1219041581,0,2,1.053322956,2,2,106602,433034
16,2014,0,0,0,23.4973379799,0,0,0,0,0,0,0.727774015,0,0,0,5,0,0,0,0,0,0,0.3703703704,5,23.4973379799,23.4973379799,0,1,1,2,2,106602,433034
17,1964,0,0,0,52.9652886441,0,0.4717297719,0,0,0,0,1,0,0,0,7,0,11,0,0,0,0,1,18,53.437018416,52.9652886441,0,2,1.0176555424,2,2,106585,433028
17,1984,0,0,0,48.4507218261,0,0.7330317409,0,0,0,0,0.9534609934,0,0,0,6,0,7,0,0,0,0,0.8387096774,13,49.183753567,48.4507218261,0,2,1.0298078812,2,2,106585,433028
17,1988,0,0,0,46.0835121267,0,0.4536459792,0,0,0,0,0.9309835745,0,0,0,5,0,7,0,0,0,0,0.8,12,46.5371581059,46.0835121267,0,2,1.0194960757,2,2,106585,433028
17,1996,0,0,0,27.0778190503,0,0,0,0,0,0,0.6726168717,0,0,0,4,0,0,0,0,0,0,0.3636363636,4,27.0778190503,27.0778190503,0,1,1,2,2,106585,433028
17,2014,0,0,0,28.4034353701,0,0,0,0,0,0,0.6941172502,0,0,0,4,0,8,0,0,0,0,0.8,12,28.4034353701,28.4034353701,0,2,1,2,2,106585,433028
18,1964,0,5.3092915846,0,25.7959118029,0,0.2375829444,0,9.7590630541,0,0,1,0,1,0,16,0,7,0,1,0,0,1,25,41.101849386,25.7959118029,9.7590630541,4,2.4780012421,2.2583480629,1.6333898629,106571,433031
18,1984,0,0,0,26.7086230086,0,0.2419222693,0,10.3491130593,0,0,0.913057895,0,0,0,9,0,5,0,1,0,0,0.75,15,37.2996583372,26.7086230086,10.3491130593,3,2.122806445,2,1.7225413443,106571,433031
18,1988,0,0,0,26.8076420821,0,0.2596722678,0,10.3491130593,0,0,0.9117000337,0,0,0,9,0,4,0,1,0,0,0.7179487179,14,37.4164274091,26.8076420821,10.3491130593,3,2.1202511751,2,1.7234072364,106571,433031
18,1996,0,0,0,31.4866320056,0,0,0,10.8102988608,0,0,0.852649757,0,0,0,9,0,2,0,1,0,0,0.6486486486,12,42.2969308664,31.4866320056,10.8102988608,3,2.0223246594,2,1.7444188351,106571,433031
18,2014,0,0,0,32.9495019519,0,0.3509369005,0,11.9415936761,0,0,0.8290699238,0,0,0,8,0,1,0,1,0,0,0.5714285714,10,45.2420325285,32.9495019519,11.9415936761,3,2.0713101467,2,1.736050902,106571,433031
19,1964,0,3.4636059006,0,25.2991474646,0,1.5060009783,0,2.6119397671,0,0,1,0,1,0,13,0,12,0,2,0,0,1,28,32.8806941106,25.2991474646,2.6119397671,4,1.8307058402,2.2106771766,1.8152245312,106550,433024
19,1984,0,3.4143025309,0,27.2968076932,0,1.671209482,0,3.2595987276,0,0,0.9582644188,0,1,0,10,0,8,0,2,0,0,0.8571428571,21,35.6419184337,27.2968076932,3.2595987276,4,1.842772368,2.1915891557,1.8127513458,106550,433024
19,1988,0,3.4306977175,0,27.0001628069,0,1.6471173933,0,3.4951985417,0,0,0.9597057304,0,1,0,10,0,8,0,2,0,0,0.8571428571,21,35.5731764594,27.0001628069,3.4951985417,4,1.8713818362,2.192881157,1.8053056559,106550,433024
19,1996,0,0,0,28.1857998743,0,2.5139024414,0,4.3072217028,0,0,0.8666407519,0,0,0,9,0,7,0,2,0,0,0.7826086957,18,35.0069240186,28.1857998743,4.3072217028,3,1.6357797012,2,1.8769608635,106550,433024
19,2014,0,0,0,33.1260151416,0,3.2539217385,0,5.4789099091,0,0,0.7871894276,0,0,0,8,0,6,0,2,0,0,0.7272727273,16,41.8588467891,33.1260151416,5.4789099091,3,1.6790316813,2,1.8691098697,106550,433024
20,1964,0,0,0,13.5810068667,0,1.8226146129,0,15.5528471307,0,0,1,0,0,0,7,0,11,0,1,0,0,1,19,30.9564686103,13.5810068667,15.5528471307,3,3.127394393,2,1.4975897501,106531,433028
20,1984,0,0,0,18.6804204271,0,0.2042820623,0,14.9301049269,0,0,0.8866706237,0,0,0,7,0,9,0,1,0,0,0.9444444444,17,33.8148074163,18.6804204271,14.9301049269,3,2.778185015,2,1.558474347,106531,433028
20,1988,0,0,0,20.0357624027,0,0.2290221044,0,15.3091577155,0,0,0.8753647038,0,0,0,7,0,6,0,1,0,0,0.8484848485,14,35.5739422226,20.0357624027,15.3091577155,3,2.7342659041,2,1.5696524827,106531,433028
20,1996,0,0,0,23.7178660723,0,0,0,15.8337055139,0,0,0.8263980651,0,0,0,7,0,1,0,1,0,0,0.6428571429,9,39.5515715862,23.7178660723,15.8337055139,3,2.6013225143,2,1.5996693714,106531,433028
20,2014,0,0,0,29.3355360487,0,0.2507187287,0,16.2159481061,0,0,0.7656352606,0,0,0,7,0,1,0,1,0,0,0.6428571429,9,45.8022028835,29.3355360487,16.2159481061,3,2.4271197839,2,1.6459570264,106531,433028
21,1964,0,0,0,14.5146489334,0,1.8245781083,0,56.5565217463,0,0,1,0,0,0,23,0,9,0,3,0,0,1,35,72.895748788,14.5146489334,56.5565217463,3,4.1534794144,2,1.2241451294,106506,433029
21,1984,0,0,0,21.0001331726,0,2.2486342117,0,52.2436255417,0,0,0.9243710689,0,0,0,18,0,11,0,3,0,0,0.8955223881,32,75.4923929259,21.0001331726,52.2436255417,3,3.8277255802,2,1.3079617228,106506,433029
21,1988,0,0,0,21.9700213645,0,2.1126817896,0,51.1163239228,0,0,0.9109781297,0,0,0,17,0,10,0,3,0,0,0.8923076923,30,75.199027077,21.9700213645,51.1163239228,3,3.7751776503,2,1.3202528555,106506,433029
21,1996,0,0,0,25.9894731803,0,2.3618100871,0,48.035992326,0,0,0.8624586705,0,0,0,17,0,8,0,2,0,0,0.8709677419,27,76.3872755933,25.9894731803,48.035992326,3,3.5772301466,2,1.3711519104,106506,433029
21,2014,0,0,0,32.382859704,0,1.3925556589,0,49.6984028407,0,0,0.8391096643,0,0,0,15,0,6,0,2,0,0,0.7931034483,23,83.4738182035,32.382859704,49.6984028407,3,3.4148736337,2,1.4046228637,106506,433029
22,1964,0,0,0,20.4694396335,0,2.9157906816,0,16.9822717881,0,0,1,0,0,0,15,0,15,0,1,0,0,1,31,40.3675021032,20.4694396335,16.9822717881,3,2.8272289508,2,1.5793083321,106486,433024
22,1984,0,0,0,26.5210110223,0,2.8741842139,0,0,0,0,0.6692293944,0,0,0,10,0,8,0,0,0,0,0.7346938776,18,29.3951952362,26.5210110223,0,2,1.1955546946,2,2,106486,433024
22,1988,0,0,0,27.4143621633,0,3.3781153105,0,0,0,0,0.6572579266,0,0,0,9,0,6,0,0,0,0,0.652173913,15,30.7924774738,27.4143621633,0,2,1.2194117257,2,2,106486,433024
22,1996,0,0,0,21.2058682215,0,1.874765051,0,0,0,0,0.7043297507,0,0,0,6,0,2,0,0,0,0,0.4102564103,8,23.0806332724,21.2058682215,0,2,1.1624535193,2,2,106486,433024
22,2014,0,0,0,26.0064160333,0,1.7578664286,0,0,0,0,0.6524797847,0,0,0,6,0,1,0,0,0,0,0.3684210526,7,27.7642824619,26.0064160333,0,2,1.1266279027,2,2,106486,433024
23,1964,0,0,0,21.7565108738,0,0.6675884389,0,12.5663706144,0,0,1,0,0,0,14,0,4,0,1,0,0,1,19,34.9904699271,21.7565108738,12.5663706144,3,2.4747060969,2,1.640863051,106473,433024
23,1984,0,0,0,34.4209188139,0,0.4417864669,0,13.5591335278,0,0,0.8335620601,0,0,0,12,0,3,0,1,0,0,0.9142857143,16,48.4218388087,34.4209188139,13.5591335278,3,2.1383315545,2,1.7199789628,106473,433024
23,1988,0,0,0,35.21373899,0,0.4536459792,0,13.986684653,0,0,0.8217075231,0,0,0,11,0,3,0,1,0,0,0.8823529412,15,49.6540696222,35.21373899,13.986684653,3,2.1450024339,2,1.718317456,106473,433024
23,1996,0,0,0,36.3100959212,0,0.2596722678,0,14.2865693068,0,0,0.8056806023,0,0,0,10,0,1,0,1,0,0,0.7741935484,12,50.8563374958,36.3100959212,14.2865693068,3,2.1338925413,2,1.7190798628,106473,433024
23,2014,0,0,0,33.8863769634,0,0,0,15.9332010784,0,0,0.8094060152,0,0,0,7,0,0,0,1,0,0,0.5925925926,8,49.8195780418,33.8863769634,15.9332010784,2,2.2792722624,2,1.6801819344,106473,433024
24,1964,0,0,0,9.5916750705,0,1.9595684177,0,39.9158981593,0,0,1,0,0,0,14,0,6,0,2,0,0,1,22,51.4671416474,9.5916750705,39.9158981593,3,4.1783915764,2,1.2244391882,106451,433021
24,1984,0,0,0,11.4032155693,0,2.3093651247,0,40.4280955715,0,0,0.9746843115,0,0,0,11,0,5,0,2,0,0,0.9,18,54.1406762655,11.4032155693,40.4280955715,3,4.0722023441,2,1.2532768639,106451,433021
24,1988,0,0,0,12.4259806927,0,0.4185386813,0,40.800374301,0,0,0.94995995,0,0,0,11,0,2,0,2,0,0,0.8108108108,15,53.6448936749,12.4259806927,40.800374301,3,4.0578599999,2,1.2394360114,106451,433021
24,1996,0,0,0,14.2012947012,0,0,0,41.039822566,0,0,0.9279051825,0,0,0,10,0,1,0,2,0,0,0.7428571429,13,55.2411172672,14.2012947012,41.039822566,3,3.9716866419,2,1.2570783395,106451,433021
24,2014,0,0,0,17.4843645518,0,0,0,0,0,0,0.2782150993,0,0,0,9,0,3,0,0,0,0,0.7058823529,12,17.4843645518,17.4843645518,0,2,1,2,2,106451,433021
27,1964,0,0,0,11.7186314717,0.6224280445,0.331830724,0,6.834927517,0,0.5674501731,1,0,0,0,15,2,13,0,1,0,1,1,32,20.0752679303,11.7186314717,6.834927517,5,2.485194513,2.0027385872,1.6905396484,106384,433009
27,1984,0,0,0,13.3294831049,0.8649197274,0.9623876395,0,7.7931132763,0,0.6720063036,0.9188359,0,0,0,11,2,6,0,1,0,1,0.7924528302,21,23.6219100517,13.3294831049,7.7931132763,5,2.5028028667,2.0081667157,1.7067047697,106384,433009
27,1988,0,0,0,12.1770487448,0.3631681108,0.9937839311,0,7.5476763502,0,0.5876545408,0.9493926488,0,0,0,10,1,5,0,1,0,1,0.72,18,21.6693316777,12.1770487448,7.5476763502,5,2.5456066908,1.9896403621,1.6684480931,106384,433009
27,1996,0,0,0,14.1407012329,0.4185386813,1.1829667137,0,7.8675101173,0,0.6221138852,0.8969839693,0,0,0,10,1,5,0,1,0,1,0.72,18,24.2318306304,14.1407012329,7.8675101173,5,2.4565620602,1.9915988516,1.6925955967,106384,433009
27,2014,0,0,0,17.9328837465,0.6692462893,2.1297414068,0,8.6071002776,0,0.7161970061,0.8009213272,0,0,0,9,1,4,0,1,0,1,0.6666666667,16,30.0551687263,17.9328837465,8.6071002776,5,2.3555929058,1.9984378488,1.7358905531,106384,433009
28,1964,0,0,0,11.3975999725,0,1.2370021074,0,49.3328221384,0,0,1,0,0,0,17,0,29,0,4,0,0,1,50,61.9674242182,11.3975999725,49.3328221384,3,4.2243601423,2,1.2038910321,106367,433016
28,1984,0,0,0,14.724821482,0,2.3009417294,0,52.4736293938,0,0,0.9427082167,0,0,0,12,0,20,0,4,0,0,0.8372093023,36,69.4993926052,14.724821482,52.4736293938,3,4.0863061243,2,1.2449771512,106367,433016
28,1988,0,0,0,11.8863925194,0,2.4028471411,0,47.9525045012,0,0,0.9755657714,0,0,0,11,0,14,0,3,0,0,0.7179487179,28,62.2417441617,11.8863925194,47.9525045012,3,4.1589042842,2,1.229576466,106367,433016
28,1996,0,0,0,8.2564589228,0,1.9678347333,0,50.8463040342,0,0,0.9562293388,0,0,0,6,0,12,0,3,0,0,0.5915492958,21,61.0705976904,8.2564589228,50.8463040342,3,4.3947741375,2,1.1674176124,106367,433016
28,2014,0,0,0,9.6965149085,0,1.1773486913,0,53.5682215295,0,0,0.952565769,0,0,0,4,0,9,0,3,0,0,0.4848484848,16,64.4420851293,9.6965149085,53.5682215295,3,4.3615855705,2,1.1687385437,106367,433016
29,1964,0,0,0,9.1734505485,0,0.5203262833,0,15.9043128088,0,0,1,0,0,0,18,0,12,0,1,0,0,1,31,25.5980896405,9.1734505485,15.9043128088,3,3.5258878576,2,1.3786914167,106349,433018
29,1984,0,0,0,12.5532151951,0,0.4778362426,0,18.1332924315,0,0,0.9004405914,0,0,0,14,0,4,0,1,0,0,0.76,19,31.1643438692,12.5532151951,18.1332924315,3,3.3581065117,2,1.4181397655,106349,433018
29,1988,0,0,0,6.2947110252,0,0.4839819832,0,19.5957038117,0,0,0.8728851499,0,0,0,8,0,4,0,1,0,0,0.5909090909,13,26.3743968202,6.2947110252,19.5957038117,3,4.0086291548,2,1.257017935,106349,433018
29,1996,0,0,0,5.7724408815,0,0,0,20.2284205722,0,0,0.8402013309,0,0,0,6,0,1,0,1,0,0,0.4102564103,8,26.0008614537,5.7724408815,20.2284205722,3,4.1119615953,2,1.2220096012,106349,433018
29,2014,0,0,0,9.0023009404,0,0.4583662363,0,18.5067357279,0,0,0.947064193,0,0,0,6,0,1,0,1,0,0,0.4102564103,8,27.9674029046,9.0023009404,18.5067357279,3,3.6796794697,2,1.338274784,106349,433018
30,1964,0,0,0,37.7796151548,0,0.4540583132,0,11.3411494795,0,0,1,0,0,0,15,0,18,0,1,0,0,1,34,49.5748229475,37.7796151548,11.3411494795,3,1.9333914232,2,1.7712316695,106333,433009
30,1984,0,0,0,11.3202186184,0,0.9413389687,0,12.4410210675,0,0,0.6224080518,0,0,0,7,0,10,0,1,0,0,0.6923076923,18,24.7025786546,11.3202186184,12.4410210675,3,3.0907437612,2,1.4963675153,106333,433009
30,1988,0,0,0,5.7658435369,0,0,0,12.4097818555,0,0,0.505000142,0,0,0,6,0,3,0,1,0,0,0.4545454545,10,18.1756253925,5.7658435369,12.4097818555,3,3.7310822241,2,1.317229444,106333,433009
30,1996,0,0,0,6.1464474869,0,0,0,0,0,0,0.220614047,0,0,0,5,0,2,0,0,0,0,0.3414634146,7,6.1464474869,6.1464474869,0,2,1,2,2,106333,433009
30,2014,0,0,0,9.1615056199,0,0,0,0,0,0,0.3119536356,0,0,0,5,0,0,0,0,0,0,0.2564102564,5,9.1615056199,9.1615056199,0,1,1,2,2,106333,433009
31,1964,0,0,0,43.0830162532,0,0.6445173678,0,9.3482016398,0,0,1,0,0,0,14,0,11,0,1,0,0,1,26,53.0757352608,43.0830162532,9.3482016398,3,1.7288046243,2,1.8238705202,106309,433012
31,1984,0,0,0,45.2741004145,0,1.5285615406,0,12.4410210675,0,0,0.9450856508,0,0,0,10,0,12,0,1,0,0,0.8979591837,23,59.2436830225,45.2741004145,12.4410210675,3,1.8915922282,2,1.7900025719,106309,433012
31,1988,0,0,0,27.168159474,0,1.6295833793,0,12.037974365,0,0,0.7914024861,0,0,0,9,0,13,0,1,0,0,0.8571428571,23,40.8357172183,27.168159474,12.037974365,3,2.2589729707,2,1.7052096746,106309,433012
31,1996,0,0,0,1.8077116828,0,2.2395039581,0,0,0,0,0.0858579262,0,2,0,5,0,11,0,0,0,0,0.7272727273,18,4.0472156408,1.8077116828,0,3,2.1066887247,2,2,106309,433012
31,2014,0,0.2437060068,0,5.3667544174,0,0.6018046286,0,9.8932702066,0,0,0.4428007919,0,6,0,5,0,7,0,1,0,0,0.5777777778,19,16.1055352593,5.3667544174,9.8932702066,4,3.5923704763,2.0302636333,1.3705905423,106309,433012
32,1964,0,0,0,36.4125314767,0,0,0,0,0,0,1,0,0,0,13,0,14,0,0,0,0,1,27,36.4125314767,36.4125314767,0,2,1,2,2,106291,433008
32,1984,0,0,0,41.3830415634,0,0,0,0,0,0,0.93610806,0,0,0,10,0,0,0,0,0,0,0.5405405405,10,41.3830415634,41.3830415634,0,1,1,2,2,106291,433008
32,1988,0,0,0,24.8286154249,0,0,0,0,0,0,0.8108474998,0,0,0,9,0,0,0,0,0,0,0.5,9,24.8286154249,24.8286154249,0,1,1,2,2,106291,433008
32,1996,0,0,0,18.9706643183,0,0,0,0,0,0,0.6850693264,0,0,0,7,0,0,0,0,0,0,0.4117647059,7,18.9706643183,18.9706643183,0,1,1,2,2,106291,433008
32,2014,0,0,0,26.1568164833,0,0,0,0,0,0,0.8360904288,0,0,0,7,0,0,0,0,0,0,0.4117647059,7,26.1568164833,26.1568164833,0,1,1,2,2,106291,433008
33,1964,0,0,0,47.3001135168,0,2.3385230315,0,14.1862543264,0,0,1,0,0,0,12,0,13,0,1,0,0,1,26,63.8248908746,47.3001135168,14.1862543264,3,1.9623528145,2,1.7777316321,106269,433004
33,1984,0,0,0,56.585699288,0,2.4348521163,0,16.9457704084,0,0,0.9131459646,0,0,0,12,0,7,0,1,0,0,0.8695652174,20,75.9663218127,56.585699288,16.9457704084,3,1.956381514,2,1.776930487,106269,433004
33,1988,0,0,0,43.875914969,0,1.5409511966,0,0,0,0,0.8314927807,0,0,0,11,0,3,0,0,0,0,0.7,14,45.4168661656,43.875914969,0,2,1.0678581032,2,2,106269,433004
33,1996,0,0,0,43.2032803469,0,1.50957454,0,0,0,0,0.8239134611,0,0,0,7,0,3,0,0,0,0,0.5555555556,10,44.7128548869,43.2032803469,0,2,1.0675230666,2,2,106269,433004
33,2014,0,0,0,47.9934217595,0,0,0,0,0,0,0.8460173008,0,0,0,5,0,6,0,0,0,0,0.5945945946,11,47.9934217595,47.9934217595,0,2,1,2,2,106269,433004
34,1964,0,0,0,33.4933046781,0,7.0730013352,0,0,0,0,1,0,0,0,8,0,32,0,0,0,0,1,40,40.5663060133,33.4933046781,0,2,1.3487131085,2,2,106252,433005
34,1984,0,0,0,1.6060607043,0,4.4245798234,0,0,0,0,0.2588427344,0,0,0,3,0,19,0,0,0,0,0.7096774194,22,6.0306405277,1.6060607043,0,2,2.4673664607,2,2,106252,433005
34,1988,0,0,0,0.2042820623,0,2.1176887029,0,0,0,0,0.1082799748,0,0,0,2,0,9,0,0,0,0,0.431372549,11,2.3219707652,0.2042820623,0,2,2.8240442426,2,2,106252,433005
34,1996,0,0,0,2.3331234191,0,3.2457953549,0,0,0,0,0.2417983139,0,0,0,2,0,9,0,0,0,0,0.431372549,11,5.5789187741,2.3331234191,0,2,2.1635929779,2,2,106252,433005
34,2014,0,0,0,4.7621645767,0,3.8462278798,0,0,0,0,0.3501147023,0,0,0,2,0,5,0,0,0,0,0.2978723404,7,8.6083924565,4.7621645767,0,2,1.8935995656,2,2,106252,433005
35,1964,0,0,0,65.97148223,0,2.5510714095,0,0,0,0,1,0,0,0,13,0,25,0,0,0,0,1,38,68.5225536395,65.97148223,0,2,1.074459321,2,2,106234,433001
35,1984,0,0,0,69.4516011269,0,3.5199974887,0,0,0,0,0.9685566866,0,0,0,8,0,14,0,0,0,0,0.7333333333,22,72.9715986157,69.4516011269,0,2,1.0964758223,2,2,106234,433001
35,1988,0,0,0,38.9982193102,0,1.8921223504,0,0,0,0,0.7474501346,0,0,0,6,0,6,0,0,0,0,0.48,12,40.8903416606,38.9982193102,0,2,1.0925461746,2,2,106234,433001
35,1996,0,0,0,41.493979054,0,1.2535936436,0,0,0,0,0.7683566848,0,0,0,6,0,3,0,0,0,0,0.3829787234,9,42.7475726976,41.493979054,0,2,1.058650986,2,2,106234,433001
35,2014,0,0,0,47.0717654355,0,0,0,0,0,0,0.814430429,0,0,0,5,0,0,0,0,0,0,0.2325581395,5,47.0717654355,47.0717654355,0,1,1,2,2,106234,433001
36,1964,0,0,0,37.0982822481,0,2.0027653167,0,0.4417864669,0,0,1,0,0,0,6,0,20,0,1,0,0,1,27,39.5428340317,37.0982822481,0.4417864669,3,1.1459854015,2,1.9888276478,106215,432996
36,1984,0,0,0,37.9051021464,0,1.8604118995,0,0,0,0,0.9824613699,0,0,0,6,0,13,0,0,0,0,0.8260869565,19,39.7655140459,37.9051021464,0,2,1.093569111,2,2,106215,432996
36,1988,0,0,0,14.2896519946,0,0.7245494407,0,0,0,0,0.5504038593,0,0,0,4,0,7,0,0,0,0,0.5789473684,11,15.0142014353,14.2896519946,0,2,1.0965152151,2,2,106215,432996
36,1996,0,0,0,15.8407937323,0,0.3685284532,0,0,0,0,0.5814778579,0,0,0,2,0,4,0,0,0,0,0.3636363636,6,16.2093221856,15.8407937323,0,2,1.0454711738,2,2,106215,432996
36,2014,0,0,0,20.5349665331,0,0.3939582203,0,0,0,0,0.6921883925,0,0,0,2,0,2,0,0,0,0,0.2580645161,4,20.9289247535,20.5349665331,0,2,1.037647249,2,2,106215,432996
37,1964,0,0,0,14.6182233162,0,2.1421734907,0,11.3548939473,0,0,1,0,0,0,6,0,19,0,5,0,0,1,30,28.1152907542,14.6182233162,11.3548939473,3,2.7678608841,2,1.5961310147,106188,433001
37,1984,0,0,0,15.0038341795,0,2.3442564381,0,11.6820711872,0,0,0.9839904838,0,0,0,6,0,15,0,4,0,0,0.9090909091,25,29.0301618049,15.0038341795,11.6820711872,3,2.7711509144,2,1.5975884921,106188,433001
37,1988,0,0,0,15.6006582439,0,2.0998208947,0,11.9167481585,0,0,0.9725173648,0,0,0,6,0,14,0,4,0,0,0.8888888889,24,29.617227297,15.6006582439,11.9167481585,3,2.7512319402,2,1.5976413309,106188,433001
37,1996,0,0,0,17.2355037909,0,2.0703095587,0,13.5297007317,0,0,0.9201987373,0,0,0,6,0,10,0,4,0,0,0.8,20,32.8355140813,17.2355037909,13.5297007317,3,2.7742807955,2,1.587955264,106188,433001
37,2014,0,0,0,21.4985005043,0,1.3941973014,0,11.031228051,0,0,0.871824312,0,0,0,6,0,5,0,2,0,0,0.6046511628,13,33.9239258568,21.4985005043,11.031228051,3,2.3828973393,2,1.6748245443,106188,433001
38,1964,0,0,0,25.7787312181,0,1.4470961161,0,27.3730894898,0,0,1,0,0,0,11,0,6,0,5,0,0,1,22,54.598916824,25.7787312181,27.3730894898,3,3.0584025605,2,1.4986514187,106178,433001
38,1984,0,0,0,26.0133885544,0,0.7797432966,0,27.4659431877,0,0,0.990860902,0,0,0,9,0,3,0,5,0,0,0.8717948718,17,54.2590750387,26.0133885544,27.4659431877,3,3.0535414447,2,1.493800011,106178,433001
38,1988,0,0,0,26.4558426097,0,0.7858890372,0,28.0228493904,0,0,0.9819041046,0,0,0,9,0,3,0,5,0,0,0.8717948718,17,55.2645810374,26.4558426097,28.0228493904,3,3.0567092612,2,1.4929329262,106178,433001
38,1996,0,0,0,29.0024372497,0,1.0188970374,0,30.0387897612,0,0,0.9449009399,0,0,0,9,0,3,0,5,0,0,0.8717948718,17,60.0601240483,29.0024372497,30.0387897612,3,3.0345105019,2,1.4998546833,106178,433001
38,2014,0,0,0,19.0502995935,0,0.6018046286,0,34.027724718,0,0,0.8685950946,0,0,0,8,0,1,0,5,0,0,0.7777777778,14,53.67982894,19.0502995935,34.027724718,3,3.5580280497,2,1.3660984882,106178,433001
39,1964,0,0,0,28.2625529099,0,2.1461004815,0,11.4982291121,0,0,1,0,0,0,6,0,3,0,7,0,0,1,16,41.9068825035,28.2625529099,11.4982291121,3,2.199925034,2,1.7256243265,106150,432994
39,1984,0,0,0,24.1929926913,0,2.0418388753,0,9.8413531466,0,0,0.9252312329,0,0,0,3,0,4,0,5,0,0,0.7857142857,12,36.0761847132,24.1929926913,9.8413531466,3,2.2043704367,2,1.7272063766,106150,432994
39,1988,0,0,0,24.716107138,0,2.1435283025,0,7.2168862788,0,0,0.8969464337,0,0,0,3,0,4,0,3,0,0,0.6923076923,10,34.0765217193,24.716107138,7.2168862788,3,1.9729455956,2,1.7882152897,106150,432994
39,1996,0,0,0,26.0137616185,0,2.2480058932,0,7.8553364458,0,0,0.9231827334,0,0,0,3,0,5,0,3,0,0,0.6666666667,11,36.1171039575,26.0137616185,7.8553364458,3,1.9944694794,2,1.7825037009,106150,432994
39,2014,0,0,0,17.7905384839,0,2.5769174721,0,7.1001009556,0,0,0.7794438456,0,0,0,2,0,5,0,2,0,0,0.56,9,27.4675569116,17.7905384839,7.1001009556,3,2.2215953124,2,1.7415095569,106150,432994
40,1964,0,0,0,22.273891914,0,0,0,13.0434999986,0,0,1,0,0,0,7,0,0,0,5,0,0,1,12,35.3173919126,22.273891914,13.0434999986,2,2.4772891533,2,1.6306777117,106125,432991
40,1984,0,0,0,24.051542482,0,0,0,14.0683464271,0,0,0.9618382249,0,0,0,6,0,2,0,4,0,0,0.8333333333,12,38.1198889091,24.051542482,14.0683464271,3,2.476221136,2,1.630944716,106125,432991
40,1988,0,0,0,19.630202426,0,0,0,14.0075173393,0,0,0.947680357,0,0,0,4,0,4,0,4,0,0,0.6666666667,12,33.6377197654,19.630202426,14.0075173393,3,2.6656916625,2,1.5835770844,106125,432991
40,1996,0,0,0,20.6611749602,0,0,0,15.3859696559,0,0,0.944577702,0,0,0,4,0,4,0,4,0,0,0.6666666667,12,36.0471446161,20.6611749602,15.3859696559,3,2.7073163292,2,1.5731709177,106125,432991
40,2014,0,0,0,25.7134704913,0,0.2723538964,0,17.2740806924,0,0,0.8989210183,0,0,0,4,0,3,0,3,0,0,0.6363636364,10,43.2599050801,25.7134704913,17.2740806924,3,2.6098285568,2,1.6006907398,106125,432991
41,1964,0,7.0685834706,0,11.8575487719,0,1.3155419237,0,12.646500862,0,0,1,0,1,0,11,0,4,0,8,0,0,1,24,32.8881750281,11.8575487719,12.646500862,4,3.4778334799,2.4298556222,1.4005418569,106110,433000
41,1984,0,7.3301406939,0,15.6140885525,0,0.2083072279,0,10.6838693915,0,0,0.8937728334,0,1,0,10,0,2,0,4,0,0,0.8292682927,17,33.8364058658,15.6140885525,10.6838693915,4,3.1418544004,2.4332694627,1.4676145523,106110,433000
41,1988,0,0,0,9.6654632279,0,0.2083072279,0,10.0323816149,0,0,0.7541019335,0,0,0,7,0,3,0,4,0,0,0.7368421053,14,19.9061520708,9.6654632279,10.0323816149,3,3.0368648231,2,1.4960160266,106110,433000
41,1996,0,0,0,9.8145317994,0,0.2419222693,0,11.6781834663,0,0,0.7958080705,0,0,0,5,0,5,0,4,0,0,0.6842105263,14,21.734637535,9.8145317994,11.6781834663,3,3.1714913961,2,1.4626925134,106110,433000
41,2014,0,0,0,12.0260194641,0,0.5644032167,0,12.4150802808,0,0,0.8580222619,0,0,0,5,0,9,0,3,0,0,0.5853658537,17,25.0055029616,12.0260194641,12.4150802808,3,3.0311180157,2,1.5035060763,106110,433000
42,1964,0,0,0,18.0661212535,0,1.1015209242,0,37.0374138904,0,0,1,0,0,0,16,0,15,0,4,0,1,1,36,56.2050560681,18.0661212535,37.0374138904,4,3.6750742358,2,1.3410305677,106089,432997
42,1984,0,0,0,17.9462498589,0,0.4963912742,0,29.5088619854,0,0,0.9207582027,0,0,0,11,0,7,0,3,0,1,0.7586206897,22,47.9515031185,17.9462498589,29.5088619854,4,3.4822627603,2,1.3846102819,106089,432997
42,1988,0,0,0,18.6552876858,0,0.4839819832,0,17.9832813823,0,0,0.7829062749,0,0,0,11,0,7,0,2,0,1,0.7368421053,21,37.1225510513,18.6552876858,17.9832813823,4,2.963795252,2,1.5155698929,106089,432997
42,1996,0,0,0,21.2312169472,0,0.5410607948,0,19.066581069,0,0.2042820623,0.7747961258,0,0,0,11,0,6,0,2,0,1,0.7142857143,20,41.0431408733,21.2312169472,19.066581069,4,2.8895417426,1.9950227478,1.5354502442,106089,432997
42,2014,0,0,0,36.0951474314,0,0.7896074614,0,20.3051865837,0,0.3678468624,0.6884658256,0,0,0,13,0,5,0,2,0,1,0.7368421053,21,57.557788339,36.0951474314,20.3051865837,4,2.4449444727,1.9936090862,1.6472208685,106089,432997
43,1964,0,0,0,25.5470387599,0,3.2122784883,0,44.4181931309,0,0,1,0,0,0,18,0,47,0,4,0,0,1,69,73.1775103791,25.5470387599,44.4181931309,3,3.5157637715,2,1.3930075934,106072,432991
43,1984,0,0,0,24.2781298522,0,3.2644092914,0,29.2786028789,0,0,0.8733784569,0,0,0,13,0,28,0,3,0,0,0.7787610619,44,56.8211420225,24.2781298522,29.2786028789,3,3.1760074806,2,1.484723435,106072,432991
43,1988,0,0,0,23.5773976108,0,3.2907201299,0,30.4949293796,0,0,0.8776522266,0,0,0,12,0,27,0,3,0,0,0.7567567568,42,57.3630471202,23.5773976108,30.4949293796,3,3.2411842507,2,1.4683872125,106072,432991
43,1996,0,0,0,24.2211492154,0,3.3257685229,0,32.3447384039,0,0,0.8984525517,0,0,0,11,0,25,0,3,0,0,0.7222222222,39,59.8916561423,24.2211492154,32.3447384039,3,3.271276158,2,1.4599458341,106072,432991
43,2014,0,0,0,27.3812153524,0,5.4391201797,0,34.7230328738,0,0,0.9022449358,0,0,0,11,0,21,0,3,0,0,0.6730769231,35,67.543368406,27.3812153524,34.7230328738,3,3.2173956584,2,1.4859149952,106072,432991
46,1964,0,0,0,23.5658718927,0,2.1578814539,0,18.8574099032,0,0,1,0,0,0,8,0,16,0,1,0,0,1,25,44.5811632498,23.5658718927,18.8574099032,3,2.7887689936,2,1.5770094693,106012,432982
46,1984,0,0,0,24.9564978809,0,1.3844409776,0,18.5126397444,0,0,0.9719478519,0,0,0,7,0,9,0,1,0,0,0.8095238095,17,44.8535786028,24.9564978809,18.5126397444,3,2.7126713927,2,1.587265045,106012,432982
46,1988,0,0,0,24.8634478334,0,1.1511188182,0,0,0,0,0.7002403898,0,0,0,7,0,6,0,0,0,0,0.6842105263,13,26.0145666516,24.8634478334,0,2,1.0884980199,2,2,106012,432982
46,1996,0,0,0,26.3972715417,0,1.6878402881,0,0,0,0,0.6950600441,0,0,0,7,0,6,0,0,0,0,0.6842105263,13,28.0851118298,26.3972715417,0,2,1.1201946639,2,2,106012,432982
46,2014,0,0,0,27.5457417749,0,0,0,0,0,0,0.6534557911,0,0,0,6,0,2,0,0,0,0,0.4848484848,8,27.5457417749,27.5457417749,0,2,1,2,2,106012,432982
47,1964,0,0,0,16.6147250825,0,4.2568580456,0,50.0102280543,0,0,1,0,0,0,4,0,19,0,4,0,0,1,27,70.8818111825,16.6147250825,50.0102280543,3,3.9422869539,2,1.2944561204,105993,432978
47,1984,0,0,0,18.6010952125,0,4.0151517608,0,52.6847051502,0,0,0.9664628483,0,0,0,4,0,18,0,4,0,0,0.9811320755,26,75.3009521236,18.6010952125,52.6847051502,3,3.9052637178,2,1.3003447677,105993,432978
47,1988,0,0,0,18.4568764748,0,3.6827319882,0,42.0991283389,0,0,0.9235691587,0,0,0,3,0,15,0,3,0,0,0.875,21,64.2387368019,18.4568764748,42.0991283389,3,3.7360746192,2,1.3446457631,105993,432978
47,1996,0,0,0,19.4901462986,0,3.65202292,0,43.3906174439,0,0,0.9265007713,0,0,0,3,0,11,0,3,0,0,0.7727272727,17,66.5327866624,19.4901462986,43.3906174439,3,3.7184569396,2,1.3478310526,105993,432978
47,2014,0,0,0,8.1919038644,0,3.2949052099,0,16.3867918827,0,0,0.5644976888,0,0,0,2,0,6,0,1,0,0,0.5,9,27.873600957,8.1919038644,16.3867918827,3,3.58800354,2,1.4121035202,105993,432978
48,1964,0,0,0,26.3795608131,0,2.0125827937,0,45.6316332934,0,0,1,0,0,0,16,0,19,0,4,0,0,1,39,74.0237769002,26.3795608131,45.6316332934,3,3.5201591512,2,1.3835543767,105971,432979
48,1984,0,0,0,25.3364146074,0,1.9103632227,0,44.377548776,0,0,0.9835257018,0,0,0,10,0,20,0,3,0,0,0.8888888889,33,71.6243266062,25.3364146074,44.377548776,3,3.5316946091,2,1.380412342,105971,432979
48,1988,0,0,0,25.5491397,0,0.9259058948,0,16.8105444796,0,0,0.7379732956,0,0,0,10,0,19,0,2,0,0,0.8857142857,31,43.2855900745,25.5491397,16.8105444796,3,2.5962353658,2,1.6116364718,105971,432979
48,1996,0,0,0,26.8709059041,0,1.7977371261,0,17.8167573367,0,0,0.7633286745,0,0,0,10,0,18,0,2,0,0,0.8695652174,30,46.4854003669,26.8709059041,17.8167573367,3,2.6104519485,2,1.6167235907,105971,432979
48,2014,0,0,0,16.7506598715,0,0.2166496661,0,18.2916776091,0,0,0.6452799296,0,0,0,8,0,13,0,2,0,0,0.7419354839,23,35.2589871467,16.7506598715,18.2916776091,3,3.0874113446,2,1.4812194255,105971,432979
49,1964,0,0,0,15.9946335976,0,0,0,47.710974931,0,0,1,0,0,0,18,0,11,0,13,0,0,1,42,63.7056085286,15.9946335976,47.710974931,3,3.9957158268,2,1.2510710433,105954,432979
49,1984,0,0,0,18.8080672636,0,0,0,50.7730460205,0,0,0.955918304,0,0,0,11,0,17,0,10,0,0,0.8,38,69.5811132841,18.8080672636,50.7730460205,3,3.9187831941,2,1.2703042015,105954,432979
49,1988,0,0,0,19.3628136213,0,0,0,54.4707398437,0,0,0.9263631915,0,0,0,11,0,17,0,10,0,0,0.8,38,73.833553465,19.3628136213,54.4707398437,3,3.9510019381,2,1.2622495155,105954,432979
49,1996,0,0,0,20.5438364746,0,0,0,45.2163540145,0,0,0.9455931694,0,0,0,10,0,18,0,9,0,0,0.7594936709,37,65.7601904891,20.5438364746,45.2163540145,3,3.7503785301,2,1.3124053675,105954,432979
49,2014,0,0,0,22.2835810075,0,0.5588327941,0,47.6182631753,0,0,0.9482694782,0,0,0,8,0,13,0,8,0,0,0.7605633803,29,70.4606769769,22.2835810075,47.6182631753,3,3.7191154912,2,1.3241866922,105954,432979
50,1964,0,0,0,12.4210719541,0,2.7449665811,0,27.1315795546,0,0,1,0,0,0,26,0,13,0,6,0,0,1,45,42.2976180898,12.4210719541,27.1315795546,3,3.6955714418,2,1.3585553802,105929,432973
50,1984,0,0,0,13.4804169969,0,3.6870124082,0,31.4728482678,0,0,0.9302528442,0,0,0,18,0,13,0,5,0,0,0.8888888889,36,48.6402776729,13.4804169969,31.4728482678,3,3.7398161413,2,1.3529467805,105929,432973
50,1988,0,0,0,13.278982003,0,3.7930804301,0,30.9730797815,0,0,0.9363809108,0,0,0,14,0,13,0,4,0,0,0.8157894737,31,48.0451422146,13.278982003,30.9730797815,3,3.7365613655,2,1.3553337891,105929,432973
50,1996,0,0,0,15.5491164894,0,4.2741957101,0,32.252748644,0,0,0.8963859112,0,0,0,14,0,14,0,4,0,0,0.8051948052,32,52.0760608435,15.5491164894,32.252748644,3,3.6415090498,2,1.3806607466,105929,432973
50,2014,0,0,0,20.9781124666,0,3.9683282252,0,34.1360562527,0,0,0.8344361826,0,0,0,14,0,14,0,4,0,0,0.8051948052,32,59.0824969445,20.9781124666,34.1360562527,3,3.4454091979,2,1.4222306433,105929,432973
52,1964,0,0,0,18.5157617021,0,1.4510231069,0,41.6967884948,0,0,1,0,0,0,13,0,27,0,3,0,0,1,43,61.6635733037,18.5157617021,41.6967884948,3,3.7518548002,2,1.3238019424,105975,433091
52,1999,0,0,0,5.8110432013,0,1.6590750804,0,17.9075689993,0,0,0.5783380236,0,1,0,2,0,9,0,1,0,0,0.4285714286,13,25.3776872809,5.8110432013,17.9075689993,4,3.9533197934,2,1.2943577245,105975,433091
52,2014,0,0,0,7.6104400978,0,1.5458918059,0,18.8725912482,0,0,0.6228849805,0,0,0,2,0,4,0,1,0,0,0.28,7,28.0289231518,7.6104400978,18.8725912482,3,3.8036092639,2,1.3266744089,105975,433091
53,1964,0,0,0,30.2633547311,0,3.4675328914,0,14.1862543264,0,0,1,0,0,0,3,0,47,0,1,0,0,1,51,47.9171419489,30.2633547311,14.1862543264,3,2.3289624652,2,1.7039419767,105976,433113
53,1999,0,0,0,0,0,1.8235570907,0,27.212200676,0,0,0.4160937788,0,0,0,0,0,16,0,2,0,0,0.4927536232,18,29.0357577668,0,27.212200676,2,4.8743923196,2,1.0628038402,105976,433113
53,2014,0,0,0,0,0,3.9002904071,0,28.0552366878,0,0,0.4420482608,0,0,0,0,0,16,0,2,0,0,0.4927536232,18,31.9555270949,0,28.0552366878,2,4.7558925944,2,1.1220537028,105976,433113
54,1964,0,0,0,33.1830724035,0,3.4891313409,0,19.2422550032,0,0,1,0,0,0,2,0,19,0,2,0,0,1,23,55.9144587477,33.1830724035,19.2422550032,3,2.5013519683,2,1.655862626,105972,433133
54,1999,0,0,0,0,0,2.958378897,0,22.9783940665,0,0,0.5424630378,0,0,0,0,0,17,0,2,0,0,0.9047619048,19,25.9367729635,0,22.9783940665,2,4.7718776425,2,1.1140611787,105972,433133
54,2014,0,0,0,0,0,4.3411498522,0,25.8597415668,0,0,0.5279287909,0,0,0,0,0,12,0,2,0,0,0.7567567568,14,30.2008914191,0,25.8597415668,2,4.712515118,2,1.143742441,105972,433133
55,1964,0,0,0,16.1968736247,0,4.6888270355,0,39.9885474894,0,0,1,0,0,0,2,0,38,0,3,0,0,1,43,60.8742481495,16.1968736247,39.9885474894,3,3.7816662904,2,1.3430958294,105964,433154
55,1999,0,0,0,0,0,5.4901687816,0,38.479993967,0,0,0.8234834958,0,0,0,0,0,13,0,2,0,0,0.5172413793,15,43.9701627486,0,38.479993967,2,4.7502775319,2,1.124861234,105964,433154
55,2014,0,0,0,0,0,7.0335547993,0,42.0947455219,0,0,0.8122970812,0,0,0,0,0,12,0,2,0,0,0.4912280702,14,49.1283003212,0,42.0947455219,2,4.7136658605,2,1.1431670698,105964,433154
56,1964,0,0,0,31.7457937645,0,3.4969853225,0,16.9822717881,0,0,1,0,0,0,3,0,27,0,1,0,0,1,31,52.2250508751,31.7457937645,16.9822717881,3,2.4346191443,2,1.6748251748,105960,433174
56,1999,0,0,0,0,0,1.2867963509,0,20.7499053177,0,0,0.4920182332,0,0,1,0,0,2,0,1,0,0,0.1714285714,4,22.0367016686,0,20.7499053177,3,4.8832133438,2,1.0583933281,105960,433174
56,2014,0,0,0,0,0,1.7954667982,0,22.7281041018,0,0,0.4893309652,0,0,2,0,0,4,0,1,0,0,0.2631578947,7,24.5235709,0,22.7281041018,3,4.8535721567,2,1.0732139216,105960,433174
57,1964,0,0,0,12.6154579996,0,3.0493083694,0,14.5220120412,0,0,1,0,0,0,2,0,14,0,1,0,0,1,17,30.1867784102,12.6154579996,14.5220120412,3,3.1263171588,2,1.5189280604,105960,433191
57,1999,0,0,0,15.9932395158,0,2.7638750419,0,0,0,0,0.6284474777,0,0,0,2,0,8,0,0,0,0,0.7407407407,10,18.7571145577,15.9932395158,0,2,1.2947015153,2,2,105960,433191
57,2014,0,0,0,17.8906572424,0,2.7345801122,0,0,0,0,0.6041892997,0,0,0,2,0,6,0,0,0,0,0.64,8,20.6252373545,17.8906572424,0,2,1.2651683532,2,2,105960,433191
58,1964,0,0,0,27.7716790577,0,1.9065540416,0,0,0,0,1,0,0,0,2,0,11,0,0,0,0,1,13,29.6782330994,27.7716790577,0,2,1.1284816408,2,2,105950,433212
58,1999,0,0,0,0,0,1.0741497982,0,0,0,0,0.069857988,0,0,0,0,0,6,0,0,0,0,0.6315789474,6,1.0741497982,0,0,1,3,2,2,105950,433212
58,2014,0,0,0,0,0,2.0083864384,0,0,0,0,0.1203381155,0,0,0,0,0,3,0,0,0,0,0.375,3,2.0083864384,0,0,1,3,2,2,105950,433212
60,1964,0,0,0,20.3575203953,0,3.5303647445,0,14.5220120412,0,0,1,0,0,0,2,0,23,0,1,0,0,1,26,38.409897181,20.3575203953,14.5220120412,3,2.6961455884,2,1.6219200491,105939,433249
60,1999,0,0,0,0,0,0.6151434765,0,15.3785869132,0,0,0.5564759629,0,0,3,0,0,2,0,1,0,0,0.1875,6,15.9937303897,0,15.3785869132,3,4.9230769231,2,1.0384615385,105939,433249
60,2014,0,0,0.3183101138,0,0,0.9748238486,0,0,0,0,0.0491057645,0,0,4,0,0,2,0,0,0,0,0.125,6,1.2931339624,0,0,2,3.2461540127,2,2.2461540127,105939,433249
61,1964,0,0,0,47.4262680968,0,3.9525162573,0,5.0736721355,0,0,1,0,0,0,8,0,32,0,3,0,0,1,43,56.4524564896,47.4262680968,5.0736721355,3,1.4995304511,2,1.9101248652,105935,433264
61,1999,0,0,0,18.1227091912,0,1.4387316256,0,10.8670438781,0,0,0.5671005083,0,0,0,4,0,10,0,3,0,0,0.5666666667,17,30.428484695,18.1227091912,10.8670438781,3,2.5231004511,2,1.6428660846,105935,433264
61,2014,0,0,0,24.6913973006,0,1.8499773927,0,15.8580468968,0,0,0.6396448392,0,0,1,4,0,6,0,3,0,0,0.4561403509,14,42.3994215902,24.6913973006,15.8580468968,4,2.583326844,2,1.6259843578,105935,433264
62,1964,0,0,0,11.2822446172,0,1.8692476289,0,8.9810279984,0,0,1,0,0,0,2,0,23,0,3,0,0,1,28,22.1325202445,11.2822446172,8.9810279984,3,2.7920511001,2,1.5942157559,105928,433286
62,1999,0,0,0,0,0,0.794528417,0,19.1231297368,0,0,0.464947203,0,0,1,0,0,2,0,3,0,0,0.2941176471,6,19.9176581539,0,19.1231297368,3,4.9202186913,2,1.0398906544,105928,433286
62,2014,0,0,0,0,0,1.1127415619,0,24.7967889368,0,0,0.4202056076,0,0,4,0,0,2,0,3,0,0,0.2702702703,9,25.9095304987,0,24.7967889368,3,4.9141056175,2,1.0429471913,105928,433286
63,1964,0,0,0,25.6589579982,0,2.8765207734,0,30.6545811913,0,0,1,0,0,0,5,0,37,0,2,0,0,1,44,59.1900599629,25.6589579982,30.6545811913,3,3.1687993963,2,1.4820991699,105923,433305
63,1999,0,0,0,9.6211275016,0,2.3187309978,0,31.2988236697,0,0,0.8316892076,0,0,0,1,0,11,0,2,0,0,0.4827586207,14,43.2386821692,9.6211275016,31.2988236697,3,4.0026992073,2,1.2761383534,105923,433305
63,2014,0,0,0,10.524119513,0,4.7346097726,0,22.9979057232,0,0,0.7470452645,0,0,1,1,0,10,0,1,0,0,0.4210526316,13,38.2566350089,10.524119513,22.9979057232,4,3.6521109976,2,1.3988518405,105923,433305
64,1964,0,0,0,44.1247683771,0,1.7475109136,0,10.5405342266,0,0,1,0,0,0,7,0,34,0,2,0,0,1,43,56.4128135173,44.1247683771,10.5405342266,3,1.809340217,2,1.8131535449,105916,433326
64,1999,0,0,0,15.6256928103,0,1.6051182265,0,12.3295337982,0,0,0.6460468778,0,0,0,4,0,7,0,2,0,0,0.4642857143,13,29.5603448351,15.6256928103,12.3295337982,3,2.7769877834,2,1.5829029104,105916,433326
64,2014,0,0,0,18.3584241362,0,2.6725100837,0,14.2954940928,0,0,0.6681212677,0,0,1,4,0,4,0,2,1,0,0.3636363636,12,35.3264283127,18.3584241362,14.2954940928,5,2.7699778756,2,1.5953314621,105916,433326
65,1964,0,0,0,29.6978680535,0,2.8765207734,0,1.0386890711,0,0,1,0,0,0,5,0,62,0,1,0,0,1,68,33.613077898,29.6978680535,1.0386890711,3,1.294760208,2,1.9690986623,105914,433343
65,1999,0,0,0,0.9852034562,0,0.5464015023,0,2.3915570425,0,0,0.1369500001,0,0,0,1,0,8,0,1,0,0,0.2564102564,10,3.9231620009,0.9852034562,2.3915570425,3,3.7169490253,2,1.3904006406,105914,433343
65,2014,0,0,0,1.2259410712,0,1.8519659684,0,0,0,0,0.1677745661,0,0,0,1,0,7,0,0,0,0,0.2105263158,8,3.0779070396,1.2259410712,0,2,2.203393049,2,2,105914,433343
66,1964,0,0,0,14.6516027382,0,2.8431413515,0,56.7450173055,0,0,1,0,0,0,7,0,35,0,2,0,0,1,44,74.2397613951,14.6516027382,56.7450173055,3,4.1339857181,2,1.2356519439,105906,433363
66,1999,0,0,0,3.6615655077,0,0.477679163,0,12.037974365,0,0,0.3578358613,0,2,0,3,0,3,0,1,0,0,0.2641509434,9,16.1772190356,3.6615655077,12.037974365,4,4.0355808176,2,1.2558687412,105906,433363
66,2014,0,0.2037184728,0,4.5231835673,0,0.9199153789,0,13.9708199017,0,0,0.4136896849,0,1,0,3,0,2,0,1,0,0,0.2352941176,7,19.6176373208,4.5231835673,13.9708199017,4,3.9839467057,2.0207689101,1.2774594543,105906,433363
67,1964,0,0,0,5.9866975005,0,0.9189158512,0,4.0290925782,0,0,1,0,1,0,3,0,13,0,3,0,0,1,20,10.9347059299,5.9866975005,4.0290925782,4,2.6419464895,2,1.6315316933,105902,433383
67,1999,0,0,0,13.2449153576,0,3.9760782022,0,11.2692855475,0,0,0.5547094524,0,0,0,3,0,14,0,2,0,0,0.9230769231,19,28.4902791073,13.2449153576,11.2692855475,3,2.8613120073,2,1.6044515568,105902,433383
67,2014,0,0,0,14.3192211904,0,4.7227237137,0,15.5311853425,0,0,0.4805636501,0,0,0,3,0,8,0,2,0,0,0.7878787879,13,34.5731302465,14.3192211904,15.5311853425,3,3.0701101777,2,1.5507729491,105902,433383
